label,n,win,avg_ret,pf,pnl,mdd,tp,sl,test_n,test_win,test_avg,test_pf,test_pnl
orb5_11_none,322,13.0,5.28,1.16,4334.0,-4335.0,0.0,0.25,173,12.1,8.43,1.28,3705.0
orb5_11_none,322,18.3,3.29,1.06,2265.0,-5191.0,0.0,0.4,173,16.8,9.41,1.21,4028.0
orb5_11_none,322,25.8,5.15,1.18,3978.0,-1892.0,1.0,0.25,173,20.2,-1.31,0.9,-1168.0
orb5_11_none,322,34.2,7.15,1.22,6438.0,-2148.0,1.0,0.4,173,28.9,-0.04,0.96,-616.0
orb5_11_rvol1.5,32,6.2,-10.78,0.49,-1386.0,-2170.0,0.0,0.25,12,0.0,-26.24,0.0,-1101.0
orb5_11_rvol1.5,32,9.4,-17.16,0.5,-2030.0,-2658.0,0.0,0.4,12,0.0,-40.95,0.0,-1700.0
orb5_11_rvol1.5,32,25.0,4.76,1.14,300.0,-1205.0,1.0,0.25,12,33.3,15.42,1.84,613.0
orb5_11_rvol1.5,32,37.5,11.01,1.35,991.0,-946.0,1.0,0.4,12,33.3,5.72,1.2,219.0
orb5_11_rvol1.2,75,5.3,-13.63,0.42,-3816.0,-4393.0,0.0,0.25,35,5.7,-15.1,0.29,-2123.0
orb5_11_rvol1.2,75,6.7,-23.4,0.36,-6278.0,-6390.0,0.0,0.4,35,8.6,-15.47,0.54,-2053.0
orb5_11_rvol1.2,75,22.7,1.74,1.04,207.0,-1350.0,1.0,0.25,35,25.7,5.79,1.17,401.0
orb5_11_rvol1.2,75,28.0,-1.23,0.93,-550.0,-1670.0,1.0,0.4,35,34.3,6.75,1.19,623.0
orb5_11_narrow,137,16.8,8.59,1.27,2967.0,-2395.0,0.0,0.25,66,16.7,22.57,1.99,4669.0
orb5_11_narrow,137,22.6,6.74,1.14,2060.0,-3006.0,0.0,0.4,66,16.7,12.52,1.37,2547.0
orb5_11_narrow,137,25.5,4.55,1.12,1137.0,-1833.0,1.0,0.25,66,25.8,5.22,1.23,966.0
orb5_11_narrow,137,32.8,5.63,1.14,1705.0,-2020.0,1.0,0.4,66,28.8,0.54,0.97,-147.0
orb5_11_wide,83,13.3,17.21,1.71,4690.0,-1792.0,0.0,0.25,43,14.0,18.29,1.58,1926.0
orb5_11_wide,83,15.7,8.57,1.24,2347.0,-2447.0,0.0,0.4,43,20.9,27.36,1.62,2966.0
orb5_11_wide,83,28.9,9.57,1.47,2529.0,-964.0,1.0,0.25,43,23.3,2.7,1.11,311.0
orb5_11_wide,83,37.3,11.29,1.45,3219.0,-984.0,1.0,0.4,43,37.2,10.72,1.37,1400.0
orb5_11_gap_with,90,13.3,1.11,0.98,-113.0,-3097.0,0.0,0.25,62,11.3,21.26,1.69,3335.0
orb5_11_gap_with,90,16.7,-5.16,0.81,-2018.0,-3992.0,0.0,0.4,62,14.5,20.48,1.49,3418.0
orb5_11_gap_with,90,28.9,8.01,1.31,1898.0,-1564.0,1.0,0.25,62,16.1,-6.76,0.68,-1473.0
orb5_11_gap_with,90,34.4,6.21,1.16,1316.0,-2603.0,1.0,0.4,62,24.2,-7.04,0.75,-1551.0
orb5_11_gap_against,107,10.3,5.6,1.11,1038.0,-2776.0,0.0,0.25,53,9.4,3.86,1.16,676.0
orb5_11_gap_against,107,15.9,2.26,0.99,-157.0,-3524.0,0.0,0.4,53,15.1,7.12,1.13,795.0
orb5_11_gap_against,107,21.5,0.23,0.89,-926.0,-2420.0,1.0,0.25,53,18.9,-2.76,0.79,-785.0
orb5_11_gap_against,107,33.6,6.53,1.17,1665.0,-2100.0,1.0,0.4,53,32.1,4.44,1.06,270.0
orb5_11_vix_hi,124,12.9,8.64,1.27,2651.0,-1957.0,0.0,0.25,73,8.2,-8.9,0.6,-2311.0
orb5_11_vix_hi,124,19.4,8.5,1.2,2658.0,-2867.0,0.0,0.4,73,9.6,-16.34,0.48,-4452.0
orb5_11_vix_hi,124,26.6,6.54,1.25,2043.0,-932.0,1.0,0.25,73,13.7,-9.59,0.57,-2346.0
orb5_11_vix_hi,124,37.9,12.46,1.46,4689.0,-1353.0,1.0,0.4,73,19.2,-13.21,0.56,-3375.0
orb5_11_vix_lo,198,13.1,3.18,1.1,1682.0,-3702.0,0.0,0.25,100,15.0,21.08,1.79,6016.0
orb5_11_vix_lo,198,17.7,0.02,0.98,-392.0,-4712.0,0.0,0.4,100,22.0,28.21,1.8,8481.0
orb5_11_vix_lo,198,25.3,4.29,1.13,1935.0,-2092.0,1.0,0.25,100,25.0,4.74,1.17,1177.0
orb5_11_vix_lo,198,31.8,3.82,1.09,1749.0,-2090.0,1.0,0.4,100,36.0,9.57,1.32,2759.0
orb5_12_none,323,13.0,5.18,1.16,4234.0,-4435.0,0.0,0.25,174,12.1,8.23,1.27,3607.0
orb5_12_none,323,18.3,3.15,1.06,2112.0,-5191.0,0.0,0.4,174,16.7,9.12,1.2,3878.0
orb5_12_none,323,25.7,5.06,1.17,3878.0,-1892.0,1.0,0.25,174,20.1,-1.45,0.9,-1266.0
orb5_12_none,323,34.1,6.99,1.21,6285.0,-2148.0,1.0,0.4,174,28.7,-0.28,0.95,-766.0
orb5_12_rvol1.5,32,6.2,-10.78,0.49,-1386.0,-2170.0,0.0,0.25,12,0.0,-26.24,0.0,-1101.0
orb5_12_rvol1.5,32,9.4,-17.16,0.5,-2030.0,-2658.0,0.0,0.4,12,0.0,-40.95,0.0,-1700.0
orb5_12_rvol1.5,32,25.0,4.76,1.14,300.0,-1205.0,1.0,0.25,12,33.3,15.42,1.84,613.0
orb5_12_rvol1.5,32,37.5,11.01,1.35,991.0,-946.0,1.0,0.4,12,33.3,5.72,1.2,219.0
orb5_12_rvol1.2,75,5.3,-13.63,0.42,-3816.0,-4393.0,0.0,0.25,35,5.7,-15.1,0.29,-2123.0
orb5_12_rvol1.2,75,6.7,-23.4,0.36,-6278.0,-6390.0,0.0,0.4,35,8.6,-15.47,0.54,-2053.0
orb5_12_rvol1.2,75,22.7,1.74,1.04,207.0,-1350.0,1.0,0.25,35,25.7,5.79,1.17,401.0
orb5_12_rvol1.2,75,28.0,-1.23,0.93,-550.0,-1670.0,1.0,0.4,35,34.3,6.75,1.19,623.0
orb5_12_narrow,137,16.8,8.59,1.27,2967.0,-2395.0,0.0,0.25,67,16.4,21.84,1.95,4571.0
orb5_12_narrow,137,22.6,6.74,1.14,2060.0,-3006.0,0.0,0.4,67,16.4,11.71,1.34,2396.0
orb5_12_narrow,137,25.5,4.55,1.12,1137.0,-1833.0,1.0,0.25,67,25.4,4.74,1.2,869.0
orb5_12_narrow,137,32.8,5.63,1.14,1705.0,-2020.0,1.0,0.4,67,28.4,-0.09,0.95,-298.0
orb5_12_wide,83,13.3,17.21,1.71,4690.0,-1792.0,0.0,0.25,43,14.0,18.29,1.58,1926.0
orb5_12_wide,83,15.7,8.57,1.24,2347.0,-2447.0,0.0,0.4,43,20.9,27.36,1.62,2966.0
orb5_12_wide,83,28.9,9.57,1.47,2529.0,-964.0,1.0,0.25,43,23.3,2.7,1.11,311.0
orb5_12_wide,83,37.3,11.29,1.45,3219.0,-984.0,1.0,0.4,43,37.2,10.72,1.37,1400.0
orb5_12_gap_with,91,13.2,0.81,0.97,-212.0,-3197.0,0.0,0.25,63,11.1,20.5,1.66,3237.0
orb5_12_gap_with,91,16.5,-5.56,0.8,-2171.0,-3992.0,0.0,0.4,63,14.3,19.5,1.46,3267.0
orb5_12_gap_with,91,28.6,7.63,1.29,1799.0,-1564.0,1.0,0.25,63,15.9,-7.08,0.66,-1570.0
orb5_12_gap_with,91,34.1,5.69,1.14,1162.0,-2603.0,1.0,0.4,63,23.8,-7.59,0.73,-1701.0
orb5_12_gap_against,107,10.3,5.6,1.11,1038.0,-2776.0,0.0,0.25,53,9.4,3.86,1.16,676.0
orb5_12_gap_against,107,15.9,2.26,0.99,-157.0,-3524.0,0.0,0.4,53,15.1,7.12,1.13,795.0
orb5_12_gap_against,107,21.5,0.23,0.89,-926.0,-2420.0,1.0,0.25,53,18.9,-2.76,0.79,-785.0
orb5_12_gap_against,107,33.6,6.53,1.17,1665.0,-2100.0,1.0,0.4,53,32.1,4.44,1.06,270.0
orb5_12_vix_hi,125,12.8,8.35,1.26,2552.0,-1957.0,0.0,0.25,73,8.2,-8.9,0.6,-2311.0
orb5_12_vix_hi,125,19.2,8.1,1.18,2505.0,-2867.0,0.0,0.4,73,9.6,-16.34,0.48,-4452.0
orb5_12_vix_hi,125,26.4,6.27,1.23,1943.0,-1031.0,1.0,0.25,73,13.7,-9.59,0.57,-2346.0
orb5_12_vix_hi,125,37.6,12.03,1.44,4536.0,-1353.0,1.0,0.4,73,19.2,-13.21,0.56,-3375.0
orb5_12_vix_lo,198,13.1,3.18,1.1,1682.0,-3702.0,0.0,0.25,101,14.9,20.61,1.77,5918.0
orb5_12_vix_lo,198,17.7,0.02,0.98,-392.0,-4712.0,0.0,0.4,101,21.8,27.51,1.78,8330.0
orb5_12_vix_lo,198,25.3,4.29,1.13,1935.0,-2092.0,1.0,0.25,101,24.8,4.43,1.16,1079.0
orb5_12_vix_lo,198,31.8,3.82,1.09,1749.0,-2090.0,1.0,0.4,101,35.6,9.07,1.29,2609.0
orb15_11_none,317,14.8,10.04,1.4,10136.0,-3748.0,0.0,0.25,167,13.2,1.16,1.03,458.0
orb15_11_none,317,21.5,10.75,1.3,10468.0,-5289.0,0.0,0.4,167,19.8,5.16,1.16,2974.0
orb15_11_none,317,27.8,6.76,1.28,6137.0,-1992.0,1.0,0.25,167,22.8,0.98,1.0,-30.0
orb15_11_none,317,38.5,11.06,1.38,10516.0,-2610.0,1.0,0.4,167,31.1,0.89,1.0,-0.0
orb15_11_rvol1.5,31,9.7,-2.84,0.71,-725.0,-1343.0,0.0,0.25,12,0.0,-26.38,0.0,-1102.0
orb15_11_rvol1.5,31,16.1,-3.5,0.74,-927.0,-1799.0,0.0,0.4,12,0.0,-41.38,0.0,-1708.0
orb15_11_rvol1.5,31,32.3,11.45,1.53,999.0,-620.0,1.0,0.25,12,25.0,4.87,1.17,144.0
orb15_11_rvol1.5,31,54.8,32.9,2.59,3102.0,-797.0,1.0,0.4,12,25.0,-6.38,0.76,-312.0
orb15_11_rvol1.2,73,6.8,-6.25,0.67,-2066.0,-2732.0,0.0,0.25,32,6.2,-9.41,0.6,-1106.0
orb15_11_rvol1.2,73,13.7,-5.78,0.73,-2407.0,-3259.0,0.0,0.4,32,9.4,-18.78,0.5,-2037.0
orb15_11_rvol1.2,73,23.3,1.5,1.01,44.0,-1742.0,1.0,0.25,32,21.9,0.91,0.96,-98.0
orb15_11_rvol1.2,73,38.4,11.51,1.34,2168.0,-1148.0,1.0,0.4,32,25.0,-6.44,0.76,-824.0
orb15_11_narrow,137,20.4,14.24,1.61,6358.0,-1607.0,0.0,0.25,64,18.8,18.32,1.83,3935.0
orb15_11_narrow,137,25.5,15.29,1.47,6774.0,-2913.0,0.0,0.4,64,23.4,26.16,1.87,5853.0
orb15_11_narrow,137,29.2,7.73,1.34,3134.0,-1642.0,1.0,0.25,64,28.1,7.53,1.31,1316.0
orb15_11_narrow,137,35.8,7.66,1.24,3010.0,-1416.0,1.0,0.4,64,35.9,7.2,1.22,1255.0
orb15_11_wide,79,7.6,11.43,1.47,3091.0,-3835.0,0.0,0.25,41,4.9,-15.49,0.41,-2062.0
orb15_11_wide,79,17.7,17.58,1.48,4375.0,-2949.0,0.0,0.4,41,7.3,-26.1,0.35,-3412.0
orb15_11_wide,79,22.8,0.95,0.99,-59.0,-1606.0,1.0,0.25,41,12.2,-11.22,0.54,-1475.0
orb15_11_wide,79,44.3,18.47,1.72,4484.0,-1269.0,1.0,0.4,41,17.1,-17.56,0.51,-2299.0
orb15_11_gap_with,87,12.6,1.29,1.01,94.0,-2719.0,0.0,0.25,60,10.0,11.64,1.56,2737.0
orb15_11_gap_with,87,18.4,-1.84,0.91,-899.0,-2827.0,0.0,0.4,60,18.3,13.61,1.46,3113.0
orb15_11_gap_with,87,27.6,4.8,1.17,1018.0,-1162.0,1.0,0.25,60,16.7,-5.65,0.76,-1099.0
orb15_11_gap_with,87,39.1,9.83,1.32,2413.0,-1340.0,1.0,0.4,60,30.0,-0.59,0.98,-120.0
orb15_11_gap_against,105,10.5,-1.33,0.87,-1137.0,-3845.0,0.0,0.25,53,7.5,-13.21,0.43,-2475.0
orb15_11_gap_against,105,18.1,-0.81,0.89,-1315.0,-4324.0,0.0,0.4,53,17.0,7.9,1.27,1607.0
orb15_11_gap_against,105,24.8,4.28,1.1,774.0,-1483.0,1.0,0.25,53,18.9,-2.82,0.82,-678.0
orb15_11_gap_against,105,37.1,10.99,1.32,3060.0,-1383.0,1.0,0.4,53,30.2,1.04,1.03,159.0
orb15_11_vix_hi,120,15.0,10.59,1.44,3941.0,-2640.0,0.0,0.25,70,8.6,-11.66,0.52,-2715.0
orb15_11_vix_hi,120,22.5,12.73,1.36,4580.0,-3064.0,0.0,0.4,70,15.7,-8.0,0.79,-1634.0
orb15_11_vix_hi,120,33.3,14.3,1.78,5485.0,-691.0,1.0,0.25,70,15.7,-8.03,0.63,-1927.0
orb15_11_vix_hi,120,45.8,21.32,1.94,8136.0,-1339.0,1.0,0.4,70,25.7,-6.8,0.78,-1520.0
orb15_11_vix_lo,197,14.7,9.71,1.38,6195.0,-3345.0,0.0,0.25,97,16.5,10.4,1.43,3173.0
orb15_11_vix_lo,197,20.8,9.55,1.26,5888.0,-4630.0,0.0,0.4,97,22.7,14.66,1.44,4608.0
orb15_11_vix_lo,197,24.4,2.17,1.04,652.0,-2102.0,1.0,0.25,97,27.8,7.48,1.29,1898.0
orb15_11_vix_lo,197,34.0,4.82,1.13,2380.0,-2416.0,1.0,0.4,97,35.1,6.43,1.17,1520.0
orb15_12_none,323,14.9,9.64,1.38,9913.0,-3810.0,0.0,0.25,173,12.7,0.19,0.99,-118.0
orb15_12_none,323,21.4,10.11,1.28,9990.0,-5289.0,0.0,0.4,173,19.1,3.53,1.11,2088.0
orb15_12_none,323,27.6,6.42,1.27,5914.0,-1992.0,1.0,0.25,173,22.0,0.02,0.95,-606.0
orb15_12_none,323,38.4,10.85,1.38,10597.0,-2610.0,1.0,0.4,173,30.1,-0.59,0.95,-886.0
orb15_12_rvol1.5,32,9.4,-3.57,0.69,-816.0,-1343.0,0.0,0.25,12,0.0,-26.38,0.0,-1102.0
orb15_12_rvol1.5,32,15.6,-4.68,0.72,-1069.0,-1799.0,0.0,0.4,12,0.0,-41.38,0.0,-1708.0
orb15_12_rvol1.5,32,31.2,10.27,1.46,909.0,-633.0,1.0,0.25,12,25.0,4.87,1.17,144.0
orb15_12_rvol1.5,32,53.1,30.58,2.41,2961.0,-797.0,1.0,0.4,12,25.0,-6.38,0.76,-312.0
orb15_12_rvol1.2,75,6.7,-6.79,0.65,-2242.0,-2907.0,0.0,0.25,34,5.9,-10.43,0.56,-1290.0
orb15_12_rvol1.2,75,13.3,-6.73,0.71,-2678.0,-3530.0,0.0,0.4,34,8.8,-20.14,0.47,-2320.0
orb15_12_rvol1.2,75,22.7,0.75,0.98,-132.0,-1833.0,1.0,0.25,34,20.6,-0.73,0.89,-282.0
orb15_12_rvol1.2,75,37.3,10.1,1.28,1897.0,-1148.0,1.0,0.4,34,23.5,-8.52,0.7,-1107.0
orb15_12_narrow,137,20.4,14.24,1.61,6358.0,-1607.0,0.0,0.25,67,17.9,16.31,1.72,3628.0
orb15_12_narrow,137,25.5,15.29,1.47,6774.0,-2913.0,0.0,0.4,67,22.4,23.13,1.74,5380.0
orb15_12_narrow,137,29.2,7.73,1.34,3134.0,-1642.0,1.0,0.25,67,26.9,6.0,1.22,1010.0
orb15_12_narrow,137,35.8,7.66,1.24,3010.0,-1416.0,1.0,0.4,67,34.3,5.01,1.13,782.0
orb15_12_wide,83,7.2,9.6,1.39,2723.0,-4117.0,0.0,0.25,42,4.8,-15.77,0.4,-2147.0
orb15_12_wide,83,16.9,14.73,1.39,3806.0,-3387.0,0.0,0.4,42,7.1,-26.48,0.35,-3542.0
orb15_12_wide,83,21.7,-0.38,0.93,-427.0,-1888.0,1.0,0.25,42,11.9,-11.59,0.53,-1560.0
orb15_12_wide,83,43.4,17.26,1.67,4473.0,-1148.0,1.0,0.4,42,16.7,-18.14,0.5,-2429.0
orb15_12_gap_with,90,13.3,1.36,1.02,153.0,-2818.0,0.0,0.25,62,9.7,10.4,1.5,2536.0
orb15_12_gap_with,90,18.9,-2.0,0.91,-939.0,-2827.0,0.0,0.4,62,17.7,11.82,1.4,2803.0
orb15_12_gap_with,90,27.8,4.76,1.18,1077.0,-1162.0,1.0,0.25,62,16.1,-6.32,0.72,-1300.0
orb15_12_gap_with,90,38.9,9.28,1.3,2373.0,-1340.0,1.0,0.4,62,29.0,-1.91,0.93,-429.0
orb15_12_gap_against,108,10.2,-2.03,0.85,-1419.0,-4127.0,0.0,0.25,53,7.5,-13.21,0.43,-2475.0
orb15_12_gap_against,108,17.6,-1.94,0.86,-1753.0,-4762.0,0.0,0.4,53,17.0,7.9,1.27,1607.0
orb15_12_gap_against,108,24.1,3.43,1.06,492.0,-1483.0,1.0,0.25,53,18.9,-2.82,0.82,-678.0
orb15_12_gap_against,108,37.0,10.83,1.33,3180.0,-1383.0,1.0,0.4,53,30.2,1.04,1.03,159.0
orb15_12_vix_hi,125,15.2,9.83,1.4,3804.0,-2703.0,0.0,0.25,72,8.3,-12.07,0.51,-2924.0
orb15_12_vix_hi,125,22.4,11.4,1.32,4234.0,-3064.0,0.0,0.4,72,15.3,-8.93,0.76,-1956.0
orb15_12_vix_hi,125,32.8,13.39,1.72,5348.0,-856.0,1.0,0.25,72,15.3,-8.55,0.61,-2136.0
orb15_12_vix_hi,125,45.6,20.77,1.92,8348.0,-1339.0,1.0,0.4,72,25.0,-7.77,0.75,-1843.0
orb15_12_vix_lo,198,14.6,9.52,1.37,6109.0,-3345.0,0.0,0.25,101,15.8,8.93,1.36,2806.0
orb15_12_vix_lo,198,20.7,9.29,1.25,5756.0,-4630.0,0.0,0.4,101,21.8,12.42,1.36,4045.0
orb15_12_vix_lo,198,24.2,2.03,1.04,566.0,-2102.0,1.0,0.25,101,26.7,6.12,1.22,1530.0
orb15_12_vix_lo,198,33.8,4.58,1.12,2249.0,-2416.0,1.0,0.4,101,33.7,4.52,1.1,956.0
orb30_11_none,293,15.4,7.86,1.32,7621.0,-5808.0,0.0,0.25,149,14.1,4.72,1.21,2500.0
orb30_11_none,293,19.8,3.27,1.08,2863.0,-6832.0,0.0,0.4,149,23.5,9.73,1.29,4665.0
orb30_11_none,293,24.9,3.79,1.13,2689.0,-1229.0,1.0,0.25,149,23.5,1.73,1.03,358.0
orb30_11_none,293,31.4,0.96,0.99,-240.0,-3292.0,1.0,0.4,149,33.6,3.74,1.1,1364.0
orb30_11_rvol1.5,30,6.7,-15.11,0.43,-1439.0,-1620.0,0.0,0.25,11,9.1,-14.61,0.32,-616.0
orb30_11_rvol1.5,30,6.7,-28.69,0.28,-2758.0,-2789.0,0.0,0.4,11,9.1,-28.25,0.21,-1114.0
orb30_11_rvol1.5,30,26.7,6.7,1.3,586.0,-604.0,1.0,0.25,11,9.1,-15.02,0.31,-629.0
orb30_11_rvol1.5,30,40.0,14.79,1.59,1435.0,-774.0,1.0,0.4,11,18.2,-15.93,0.52,-596.0
orb30_11_rvol1.2,70,8.6,-8.11,0.68,-1913.0,-3434.0,0.0,0.25,30,6.7,-12.97,0.47,-1363.0
orb30_11_rvol1.2,70,10.0,-18.26,0.51,-4436.0,-5122.0,0.0,0.4,30,13.3,-20.91,0.43,-2115.0
orb30_11_rvol1.2,70,22.9,1.85,1.05,277.0,-1452.0,1.0,0.25,30,20.0,-1.45,0.84,-357.0
orb30_11_rvol1.2,70,30.0,0.52,0.98,-124.0,-1812.0,1.0,0.4,30,30.0,-2.54,0.88,-369.0
orb30_11_narrow,128,19.5,9.92,1.4,3997.0,-2106.0,0.0,0.25,61,14.8,15.1,1.69,3303.0
orb30_11_narrow,128,24.2,3.5,1.08,1092.0,-2768.0,0.0,0.4,61,19.7,7.55,1.27,1833.0
orb30_11_narrow,128,26.6,5.33,1.17,1519.0,-1439.0,1.0,0.25,61,21.3,-1.08,0.91,-390.0
orb30_11_narrow,128,31.2,0.58,0.95,-600.0,-1876.0,1.0,0.4,61,29.5,-1.23,0.94,-368.0
orb30_11_wide,72,13.9,20.31,1.91,5266.0,-3218.0,0.0,0.25,35,8.6,-12.72,0.47,-1498.0
orb30_11_wide,72,15.3,10.81,1.32,2818.0,-4749.0,0.0,0.4,35,17.1,-9.07,0.58,-1690.0
orb30_11_wide,72,29.2,9.76,1.45,2134.0,-782.0,1.0,0.25,35,20.0,-1.45,0.9,-249.0
orb30_11_wide,72,36.1,9.03,1.27,1781.0,-1397.0,1.0,0.4,35,28.6,-4.11,0.81,-643.0
orb30_11_gap_with,87,12.6,4.45,1.12,854.0,-2013.0,0.0,0.25,55,14.5,12.43,1.55,2354.0
orb30_11_gap_with,87,18.4,-0.4,0.93,-734.0,-2427.0,0.0,0.4,55,18.2,5.46,1.17,1077.0
orb30_11_gap_with,87,20.7,-0.86,0.91,-610.0,-1603.0,1.0,0.25,55,21.8,0.76,0.99,-31.0
orb30_11_gap_with,87,31.0,0.01,0.95,-449.0,-2042.0,1.0,0.4,55,29.1,-0.89,0.94,-297.0
orb30_11_gap_against,95,12.6,-0.68,0.97,-253.0,-4490.0,0.0,0.25,45,8.9,1.48,1.07,256.0
orb30_11_gap_against,95,17.9,-7.13,0.8,-2302.0,-5653.0,0.0,0.4,45,22.2,19.83,1.51,2549.0
orb30_11_gap_against,95,28.4,8.7,1.33,2169.0,-1168.0,1.0,0.25,45,17.8,-4.23,0.76,-808.0
orb30_11_gap_against,95,33.7,5.37,1.13,1195.0,-1457.0,1.0,0.4,45,33.3,3.15,1.04,186.0
orb30_11_vix_hi,109,11.9,3.3,1.12,1096.0,-3178.0,0.0,0.25,57,15.8,-4.34,0.75,-1095.0
orb30_11_vix_hi,109,17.4,-1.9,0.93,-917.0,-3910.0,0.0,0.4,57,21.1,-0.0,0.87,-810.0
orb30_11_vix_hi,109,25.7,5.57,1.23,1686.0,-919.0,1.0,0.25,57,17.5,-6.11,0.66,-1437.0
orb30_11_vix_hi,109,36.7,8.39,1.28,2759.0,-1949.0,1.0,0.4,57,29.8,-0.62,0.91,-472.0
orb30_11_vix_lo,184,17.4,10.57,1.44,6526.0,-3855.0,0.0,0.25,92,13.0,10.34,1.49,3595.0
orb30_11_vix_lo,184,21.2,6.34,1.18,3780.0,-4175.0,0.0,0.4,92,25.0,15.75,1.57,5476.0
orb30_11_vix_lo,184,24.5,2.73,1.07,1002.0,-2406.0,1.0,0.25,92,27.2,6.59,1.29,1795.0
orb30_11_vix_lo,184,28.3,-3.45,0.85,-2999.0,-4669.0,1.0,0.4,92,35.9,6.44,1.22,1837.0
orb30_12_none,313,15.3,6.36,1.26,6541.0,-6331.0,0.0,0.25,164,14.0,8.64,1.4,5143.0
orb30_12_none,313,19.8,1.51,1.03,1195.0,-7906.0,0.0,0.4,164,23.2,12.39,1.39,6882.0
orb30_12_none,313,24.3,2.8,1.08,1895.0,-1617.0,1.0,0.25,164,22.6,0.65,0.99,-105.0
orb30_12_none,313,31.6,1.13,1.0,9.0,-2852.0,1.0,0.4,164,32.3,2.21,1.05,734.0
orb30_12_rvol1.5,31,6.5,-15.47,0.41,-1529.0,-1711.0,0.0,0.25,12,8.3,-15.57,0.29,-712.0
orb30_12_rvol1.5,31,6.5,-29.09,0.27,-2899.0,-2930.0,0.0,0.4,12,8.3,-29.32,0.19,-1263.0
orb30_12_rvol1.5,31,25.8,5.63,1.24,496.0,-604.0,1.0,0.25,12,8.3,-15.95,0.28,-724.0
orb30_12_rvol1.5,31,38.7,12.98,1.5,1294.0,-774.0,1.0,0.4,12,16.7,-18.03,0.46,-745.0
orb30_12_rvol1.2,73,8.2,-8.87,0.65,-2197.0,-3717.0,0.0,0.25,34,5.9,-14.58,0.41,-1737.0
orb30_12_rvol1.2,73,9.6,-19.22,0.48,-4874.0,-5559.0,0.0,0.4,34,11.8,-23.35,0.37,-2691.0
orb30_12_rvol1.2,73,21.9,0.68,1.0,-6.0,-1651.0,1.0,0.25,34,17.6,-4.41,0.72,-730.0
orb30_12_rvol1.2,73,28.8,-1.21,0.92,-562.0,-1812.0,1.0,0.4,34,26.5,-7.14,0.74,-945.0
orb30_12_narrow,133,18.8,8.54,1.34,3522.0,-2304.0,0.0,0.25,67,13.4,11.38,1.53,2788.0
orb30_12_narrow,133,23.3,1.79,1.02,364.0,-3084.0,0.0,0.4,67,17.9,3.33,1.14,1067.0
orb30_12_narrow,133,25.6,4.12,1.11,1044.0,-1530.0,1.0,0.25,67,19.4,-3.36,0.82,-905.0
orb30_12_narrow,133,31.6,1.09,0.97,-451.0,-2013.0,1.0,0.4,67,26.9,-4.66,0.83,-1134.0
orb30_12_wide,80,13.8,16.16,1.72,4666.0,-3709.0,0.0,0.25,38,10.5,13.7,1.65,1980.0
orb30_12_wide,80,15.0,6.29,1.19,1862.0,-5510.0,0.0,0.4,38,18.4,16.28,1.39,1692.0
orb30_12_wide,80,27.5,7.68,1.33,1820.0,-1165.0,1.0,0.25,38,21.1,-0.18,0.97,-82.0
orb30_12_wide,80,35.0,7.47,1.22,1669.0,-1397.0,1.0,0.4,38,28.9,-3.42,0.85,-572.0
orb30_12_gap_with,94,12.8,3.07,1.07,520.0,-2131.0,0.0,0.25,60,15.0,26.61,2.22,5652.0
orb30_12_gap_with,94,19.1,-1.49,0.9,-1095.0,-2605.0,0.0,0.4,60,20.0,20.32,1.66,4375.0
orb30_12_gap_with,94,20.2,-1.85,0.87,-944.0,-1721.0,1.0,0.25,60,21.7,0.55,0.99,-45.0
orb30_12_gap_with,94,30.9,-0.51,0.93,-615.0,-2042.0,1.0,0.4,60,30.0,0.56,0.99,-51.0
orb30_12_gap_against,101,11.9,-2.21,0.9,-810.0,-4867.0,0.0,0.25,48,8.3,-0.25,1.0,-6.0
orb30_12_gap_against,101,16.8,-9.17,0.74,-3165.0,-6238.0,0.0,0.4,48,20.8,16.01,1.4,2141.0
orb30_12_gap_against,101,26.7,6.61,1.22,1611.0,-1253.0,1.0,0.25,48,16.7,-5.61,0.71,-1070.0
orb30_12_gap_against,101,32.7,3.97,1.09,891.0,-1587.0,1.0,0.4,48,31.2,0.37,0.95,-222.0
orb30_12_vix_hi,121,11.6,1.09,1.03,327.0,-3582.0,0.0,0.25,65,13.8,-7.06,0.65,-1785.0
orb30_12_vix_hi,121,16.5,-4.96,0.84,-2238.0,-5090.0,0.0,0.4,65,18.5,-4.92,0.75,-1848.0
orb30_12_vix_hi,121,24.0,3.14,1.11,918.0,-1087.0,1.0,0.25,65,15.4,-8.61,0.57,-2127.0
orb30_12_vix_hi,121,36.4,7.78,1.26,2874.0,-1951.0,1.0,0.4,65,26.2,-5.47,0.77,-1510.0
orb30_12_vix_lo,192,17.7,9.68,1.4,6213.0,-3819.0,0.0,0.25,99,14.1,18.94,1.89,6928.0
orb30_12_vix_lo,192,21.9,5.6,1.15,3432.0,-4352.0,0.0,0.4,99,26.3,23.76,1.85,8730.0
orb30_12_vix_lo,192,24.5,2.59,1.07,977.0,-2566.0,1.0,0.25,99,27.3,6.74,1.31,2021.0
orb30_12_vix_lo,192,28.6,-3.06,0.86,-2865.0,-4404.0,1.0,0.4,99,36.4,7.26,1.25,2244.0
