label,n,win,avg_ret,pf,pnl,mdd,tp,sl,ex,test_n,test_pf,test_avg
random,323,47.1,-8.43,0.35,-11362.0,-11445.0,0.15,0.25,1530,174,0.39,-7.33
random,323,47.1,-8.43,0.35,-11362.0,-11445.0,0.15,0.25,1550,174,0.39,-7.33
random,323,62.5,-7.85,0.43,-10797.0,-10999.0,0.15,0.4,1530,174,0.43,-7.87
random,323,62.5,-7.85,0.43,-10797.0,-10999.0,0.15,0.4,1550,174,0.43,-7.73
random,323,71.8,-8.22,0.45,-11234.0,-11436.0,0.15,0.6,1530,174,0.4,-10.28
random,323,72.1,-8.15,0.45,-11141.0,-11344.0,0.15,0.6,1550,174,0.41,-10.14
random,323,34.4,-8.37,0.48,-11203.0,-11207.0,0.3,0.25,1530,174,0.42,-9.8
random,323,34.4,-8.35,0.48,-11178.0,-11182.0,0.3,0.25,1550,174,0.42,-9.8
random,323,50.2,-7.17,0.6,-9916.0,-9981.0,0.3,0.4,1530,174,0.48,-11.02
random,323,50.2,-7.14,0.6,-9891.0,-9956.0,0.3,0.4,1550,174,0.5,-10.49
random,323,59.4,-8.62,0.61,-11464.0,-11464.0,0.3,0.6,1530,174,0.43,-15.85
random,323,59.8,-8.47,0.61,-11290.0,-11290.0,0.3,0.6,1550,174,0.45,-15.31
random,323,23.8,-9.6,0.49,-12638.0,-12715.0,0.5,0.25,1530,174,0.5,-9.19
random,323,23.5,-9.6,0.49,-12654.0,-12732.0,0.5,0.25,1550,174,0.5,-9.19
random,323,36.8,-9.38,0.6,-12707.0,-12734.0,0.5,0.4,1530,174,0.57,-10.56
random,323,36.5,-9.37,0.6,-12671.0,-12698.0,0.5,0.4,1550,174,0.59,-10.0
random,323,45.5,-12.19,0.59,-15968.0,-15968.0,0.5,0.6,1530,174,0.53,-15.77
random,323,45.5,-11.9,0.6,-15605.0,-15605.0,0.5,0.6,1550,174,0.54,-15.29
random,323,13.0,-12.0,0.46,-15322.0,-15659.0,1.0,0.25,1530,174,0.6,-7.55
random,323,12.7,-11.85,0.47,-15149.0,-15486.0,1.0,0.25,1550,174,0.6,-7.78
random,323,22.9,-11.9,0.59,-15596.0,-15808.0,1.0,0.4,1530,174,0.64,-10.12
random,323,22.6,-11.99,0.59,-15709.0,-15921.0,1.0,0.4,1550,174,0.66,-9.6
random,323,29.4,-17.13,0.57,-21244.0,-21389.0,1.0,0.6,1530,174,0.58,-17.1
random,323,29.1,-17.27,0.58,-21418.0,-21563.0,1.0,0.6,1550,174,0.59,-16.44
random,323,7.1,-11.4,0.51,-14936.0,-15556.0,0.0,0.25,1530,174,0.52,-9.57
random,323,5.9,-11.99,0.49,-15733.0,-16699.0,0.0,0.25,1550,174,0.54,-9.43
random,323,13.9,-9.68,0.66,-14534.0,-15481.0,0.0,0.4,1530,174,0.47,-16.93
random,323,12.7,-9.96,0.65,-15027.0,-16458.0,0.0,0.4,1550,174,0.5,-16.2
random,323,20.1,-13.59,0.67,-18628.0,-20678.0,0.0,0.6,1530,174,0.43,-26.75
random,323,18.3,-14.32,0.66,-19541.0,-21633.0,0.0,0.6,1550,174,0.47,-24.84
vwap_pb,492,52.4,-5.28,0.49,-11041.0,-11285.0,0.15,0.25,1530,257,0.55,-4.4
vwap_pb,492,52.4,-5.28,0.49,-11041.0,-11285.0,0.15,0.25,1550,257,0.55,-4.4
vwap_pb,517,62.3,-5.07,0.54,-11139.0,-11467.0,0.15,0.4,1530,275,0.65,-3.44
vwap_pb,517,62.3,-5.07,0.54,-11139.0,-11467.0,0.15,0.4,1550,275,0.65,-3.44
vwap_pb,523,66.0,-5.24,0.55,-11582.0,-11910.0,0.15,0.6,1530,281,0.69,-2.76
vwap_pb,523,66.0,-5.24,0.55,-11582.0,-11910.0,0.15,0.6,1550,281,0.69,-2.76
vwap_pb,451,40.4,-3.85,0.68,-7875.0,-8377.0,0.3,0.25,1530,242,0.81,-1.71
vwap_pb,451,40.4,-3.89,0.68,-7955.0,-8456.0,0.3,0.25,1550,242,0.81,-1.71
vwap_pb,480,49.8,-3.74,0.73,-8260.0,-8920.0,0.3,0.4,1530,253,0.83,-1.83
vwap_pb,480,50.0,-3.67,0.73,-8120.0,-8781.0,0.3,0.4,1550,253,0.83,-1.83
vwap_pb,487,54.4,-3.46,0.76,-7925.0,-8709.0,0.3,0.6,1530,260,0.86,-1.21
vwap_pb,487,54.8,-3.37,0.76,-7762.0,-8546.0,0.3,0.6,1550,260,0.86,-1.24
vwap_pb,419,30.8,-2.98,0.78,-5989.0,-7838.0,0.5,0.25,1530,215,0.79,-2.63
vwap_pb,419,30.8,-2.98,0.78,-5989.0,-7838.0,0.5,0.25,1550,215,0.79,-2.63
vwap_pb,444,38.5,-3.32,0.8,-6823.0,-7450.0,0.5,0.4,1530,224,0.79,-3.61
vwap_pb,444,38.7,-3.4,0.8,-6970.0,-7521.0,0.5,0.4,1550,224,0.79,-3.61
vwap_pb,451,43.0,-3.29,0.82,-7021.0,-7321.0,0.5,0.6,1530,233,0.84,-2.37
vwap_pb,451,43.5,-3.49,0.81,-7349.0,-7649.0,0.5,0.6,1550,233,0.83,-2.44
vwap_pb,370,19.2,-2.79,0.81,-5445.0,-8199.0,1.0,0.25,1530,200,0.88,-1.64
vwap_pb,370,18.9,-2.85,0.8,-5532.0,-8252.0,1.0,0.25,1550,200,0.87,-1.88
vwap_pb,385,24.7,-4.01,0.8,-7358.0,-8309.0,1.0,0.4,1530,208,0.8,-4.77
vwap_pb,385,24.4,-4.23,0.8,-7705.0,-8563.0,1.0,0.4,1550,208,0.78,-5.15
vwap_pb,389,30.1,-2.03,0.89,-4726.0,-7218.0,1.0,0.6,1530,214,0.81,-4.7
vwap_pb,389,29.8,-2.82,0.86,-5940.0,-8238.0,1.0,0.6,1550,214,0.79,-5.38
vwap_pb,322,9.9,-9.49,0.54,-12486.0,-14126.0,0.0,0.25,1530,171,0.98,0.47
vwap_pb,322,9.0,-10.24,0.5,-13531.0,-14878.0,0.0,0.25,1550,171,0.88,-1.71
vwap_pb,322,14.0,-6.17,0.71,-10144.0,-11026.0,0.0,0.4,1530,171,0.86,-3.19
vwap_pb,322,13.0,-5.54,0.73,-9740.0,-10604.0,0.0,0.4,1550,171,0.81,-4.61
vwap_pb,322,17.7,-5.44,0.77,-9196.0,-10114.0,0.0,0.6,1530,171,0.9,-1.91
vwap_pb,322,16.5,-5.45,0.78,-9421.0,-11516.0,0.0,0.6,1550,171,0.9,-2.07
orb15,323,59.4,-2.98,0.64,-4504.0,-4941.0,0.15,0.25,1530,173,0.56,-4.28
orb15,323,59.4,-2.98,0.64,-4504.0,-4941.0,0.15,0.25,1550,173,0.56,-4.28
orb15,323,70.3,-2.65,0.69,-4206.0,-4921.0,0.15,0.4,1530,173,0.57,-5.19
orb15,323,70.3,-2.65,0.69,-4206.0,-4921.0,0.15,0.4,1550,173,0.57,-5.19
orb15,323,75.2,-2.29,0.73,-3737.0,-4669.0,0.15,0.6,1530,173,0.69,-2.84
orb15,323,75.2,-2.29,0.73,-3737.0,-4669.0,0.15,0.6,1550,173,0.69,-2.84
orb15,323,48.6,-0.0,0.93,-1117.0,-2337.0,0.3,0.25,1530,173,0.69,-3.91
orb15,323,48.6,-0.0,0.93,-1117.0,-2337.0,0.3,0.25,1550,173,0.69,-3.91
orb15,323,59.8,0.69,0.98,-418.0,-2768.0,0.3,0.4,1530,173,0.68,-5.68
orb15,323,59.8,0.69,0.98,-418.0,-2768.0,0.3,0.4,1550,173,0.68,-5.68
orb15,323,65.3,0.98,1.0,-35.0,-2715.0,0.3,0.6,1530,173,0.81,-2.84
orb15,323,65.3,0.98,1.0,-35.0,-2715.0,0.3,0.6,1550,173,0.81,-2.84
orb15,323,39.6,2.99,1.12,2208.0,-1280.0,0.5,0.25,1530,173,0.78,-3.07
orb15,323,39.6,2.99,1.12,2208.0,-1280.0,0.5,0.25,1550,173,0.78,-3.07
orb15,323,51.1,4.86,1.19,4154.0,-1447.0,0.5,0.4,1530,173,0.82,-3.31
orb15,323,51.1,4.96,1.19,4286.0,-1447.0,0.5,0.4,1550,173,0.82,-3.31
orb15,323,56.3,4.76,1.16,4087.0,-2006.0,0.5,0.6,1530,173,0.87,-2.7
orb15,323,56.3,4.84,1.17,4194.0,-2006.0,0.5,0.6,1550,173,0.87,-2.7
orb15,323,27.6,6.42,1.27,5914.0,-1992.0,1.0,0.25,1530,173,0.95,0.02
orb15,323,27.2,6.16,1.25,5582.0,-2116.0,1.0,0.25,1550,173,0.94,-0.13
orb15,323,38.4,10.85,1.38,10597.0,-2610.0,1.0,0.4,1530,173,0.95,-0.59
orb15,323,37.8,10.34,1.35,10028.0,-2690.0,1.0,0.4,1550,173,0.92,-1.24
orb15,323,42.4,9.08,1.26,8754.0,-3638.0,1.0,0.6,1530,173,1.0,1.26
orb15,323,41.5,8.26,1.23,7833.0,-4129.0,1.0,0.6,1550,173,0.99,0.74
orb15,323,14.9,9.64,1.38,9913.0,-3810.0,0.0,0.25,1530,173,0.99,0.19
orb15,323,13.9,8.43,1.34,8849.0,-4340.0,0.0,0.25,1550,173,0.92,-1.38
orb15,323,21.4,10.11,1.28,9990.0,-5289.0,0.0,0.4,1530,173,1.11,3.53
orb15,323,19.8,7.57,1.2,7463.0,-6096.0,0.0,0.4,1550,173,1.09,3.3
orb15,323,25.4,9.14,1.2,8845.0,-6977.0,0.0,0.6,1530,173,1.2,7.2
orb15,323,22.9,5.81,1.12,5519.0,-6847.0,0.0,0.6,1550,173,1.19,7.28
orb30,313,57.8,-3.68,0.59,-5184.0,-5477.0,0.15,0.25,1530,164,0.68,-2.63
orb30,313,57.8,-3.68,0.59,-5184.0,-5477.0,0.15,0.25,1550,164,0.68,-2.63
orb30,313,70.3,-3.02,0.67,-4401.0,-4952.0,0.15,0.4,1530,164,0.84,-0.96
orb30,313,70.3,-3.02,0.67,-4401.0,-4952.0,0.15,0.4,1550,164,0.84,-0.96
orb30,313,75.7,-3.37,0.67,-4796.0,-5854.0,0.15,0.6,1530,164,0.99,0.83
orb30,313,75.7,-3.37,0.67,-4796.0,-5854.0,0.15,0.6,1550,164,0.99,0.83
orb30,313,45.0,-2.03,0.79,-3403.0,-4045.0,0.3,0.25,1530,164,0.82,-1.72
orb30,313,45.0,-2.03,0.79,-3403.0,-4045.0,0.3,0.25,1550,164,0.82,-1.72
orb30,313,56.9,-1.79,0.85,-3029.0,-4288.0,0.3,0.4,1530,164,0.93,0.01
orb30,313,57.2,-1.65,0.85,-2891.0,-4150.0,0.3,0.4,1550,164,0.94,0.23
orb30,313,61.7,-3.95,0.77,-5450.0,-6456.0,0.3,0.6,1530,164,0.99,0.96
orb30,313,62.3,-3.79,0.77,-5315.0,-6405.0,0.3,0.6,1550,164,1.0,1.19
orb30,313,36.4,0.51,0.98,-378.0,-1808.0,0.5,0.25,1530,164,0.88,-0.92
orb30,313,36.4,0.51,0.98,-378.0,-1808.0,0.5,0.25,1550,164,0.88,-0.92
orb30,313,46.3,0.15,0.97,-760.0,-3011.0,0.5,0.4,1530,164,1.04,2.51
orb30,313,46.6,0.29,0.97,-623.0,-2873.0,0.5,0.4,1550,164,1.05,2.73
orb30,313,52.4,-1.54,0.91,-2700.0,-5732.0,0.5,0.6,1530,164,1.04,2.47
orb30,313,53.0,-1.32,0.91,-2506.0,-5681.0,0.5,0.6,1550,164,1.04,2.55
orb30,313,24.3,2.8,1.08,1895.0,-1617.0,1.0,0.25,1530,164,0.99,0.65
orb30,313,24.3,2.55,1.07,1574.0,-1617.0,1.0,0.25,1550,164,0.98,0.5
orb30,313,31.6,1.13,1.0,9.0,-2852.0,1.0,0.4,1530,164,1.05,2.21
orb30,313,31.6,0.89,0.99,-313.0,-3006.0,1.0,0.4,1550,164,1.04,2.09
orb30,313,37.1,-1.92,0.91,-3613.0,-6428.0,1.0,0.6,1530,164,1.08,3.98
orb30,313,36.4,-2.77,0.89,-4561.0,-6759.0,1.0,0.6,1550,164,1.06,3.44
orb30,313,15.3,6.36,1.26,6541.0,-6331.0,0.0,0.25,1530,164,1.4,8.64
orb30,313,14.1,4.98,1.2,5053.0,-6490.0,0.0,0.25,1550,164,1.33,7.58
orb30,313,19.8,1.51,1.03,1195.0,-7906.0,0.0,0.4,1530,164,1.39,12.39
orb30,313,17.9,0.1,0.99,-396.0,-8534.0,0.0,0.4,1550,164,1.29,9.72
orb30,313,24.6,-3.07,0.92,-3815.0,-10217.0,0.0,0.6,1530,164,1.29,11.7
orb30,313,21.4,-4.74,0.89,-5577.0,-10917.0,0.0,0.6,1550,164,1.2,8.28
orb15_nostop,323,59.4,-2.98,0.64,-4504.0,-4941.0,0.15,0.25,1530,173,0.56,-4.28
orb15_nostop,323,59.4,-2.98,0.64,-4504.0,-4941.0,0.15,0.25,1550,173,0.56,-4.28
orb15_nostop,323,70.6,-2.82,0.68,-4430.0,-5256.0,0.15,0.4,1530,173,0.56,-5.24
orb15_nostop,323,70.9,-2.76,0.68,-4377.0,-5203.0,0.15,0.4,1550,173,0.56,-5.24
orb15_nostop,323,78.3,-2.83,0.71,-4295.0,-5452.0,0.15,0.6,1530,173,0.74,-2.09
orb15_nostop,323,78.6,-2.78,0.71,-4242.0,-5399.0,0.15,0.6,1550,173,0.74,-2.09
orb15_nostop,323,48.6,-0.02,0.93,-1139.0,-2359.0,0.3,0.25,1530,173,0.69,-3.91
orb15_nostop,323,48.6,-0.02,0.93,-1139.0,-2359.0,0.3,0.25,1550,173,0.69,-3.91
orb15_nostop,323,59.8,0.18,0.95,-969.0,-3224.0,0.3,0.4,1530,173,0.67,-5.87
orb15_nostop,323,60.1,0.29,0.95,-874.0,-3128.0,0.3,0.4,1550,173,0.67,-5.87
orb15_nostop,323,67.8,-0.56,0.93,-1553.0,-3696.0,0.3,0.6,1530,173,0.85,-1.99
orb15_nostop,323,68.1,-0.45,0.93,-1458.0,-3601.0,0.3,0.6,1550,173,0.86,-1.78
orb15_nostop,323,39.6,2.97,1.12,2186.0,-1302.0,0.5,0.25,1530,173,0.78,-3.07
orb15_nostop,323,39.6,2.97,1.12,2186.0,-1302.0,0.5,0.25,1550,173,0.78,-3.07
orb15_nostop,323,51.1,4.23,1.15,3456.0,-1653.0,0.5,0.4,1530,173,0.82,-3.5
orb15_nostop,323,51.4,4.5,1.16,3740.0,-1653.0,0.5,0.4,1550,173,0.82,-3.5
orb15_nostop,323,58.2,2.36,1.06,1598.0,-2551.0,0.5,0.6,1530,173,0.93,-0.9
orb15_nostop,323,58.5,2.61,1.07,1858.0,-2551.0,0.5,0.6,1550,173,0.94,-0.69
orb15_nostop,323,27.6,6.4,1.27,5892.0,-1992.0,1.0,0.25,1530,173,0.95,0.02
orb15_nostop,323,27.2,6.14,1.25,5560.0,-2116.0,1.0,0.25,1550,173,0.94,-0.13
orb15_nostop,323,38.4,10.21,1.34,9899.0,-2700.0,1.0,0.4,1530,173,0.94,-0.78
orb15_nostop,323,38.1,9.96,1.33,9556.0,-2800.0,1.0,0.4,1550,173,0.92,-1.44
orb15_nostop,323,43.7,6.34,1.15,5869.0,-4368.0,1.0,0.6,1530,173,1.04,2.38
orb15_nostop,323,43.0,5.76,1.13,5174.0,-4859.0,1.0,0.6,1550,173,1.03,2.07
orb15_nostop,323,14.9,9.62,1.38,9892.0,-3810.0,0.0,0.25,1530,173,0.99,0.19
orb15_nostop,323,13.9,8.41,1.34,8827.0,-4362.0,0.0,0.25,1550,173,0.92,-1.38
orb15_nostop,323,21.4,9.48,1.25,9292.0,-5444.0,0.0,0.4,1530,173,1.1,3.34
orb15_nostop,323,20.1,7.19,1.19,6991.0,-6328.0,0.0,0.4,1550,173,1.09,3.11
orb15_nostop,323,26.0,6.54,1.12,6083.0,-7948.0,0.0,0.6,1530,173,1.18,6.62
orb15_nostop,323,23.8,3.22,1.05,2718.0,-7818.0,0.0,0.6,1550,173,1.17,6.82
gapfade.3,78,62.8,-1.47,0.79,-546.0,-672.0,0.15,0.25,1530,38,0.45,-6.39
gapfade.3,78,62.8,-1.47,0.79,-546.0,-672.0,0.15,0.25,1550,38,0.45,-6.39
gapfade.3,78,73.1,-0.18,0.92,-197.0,-823.0,0.15,0.4,1530,38,0.66,-3.34
gapfade.3,78,73.1,-0.18,0.92,-197.0,-823.0,0.15,0.4,1550,38,0.66,-3.34
gapfade.3,78,82.1,3.8,1.43,798.0,-415.0,0.15,0.6,1530,38,0.79,-1.18
gapfade.3,78,82.1,3.8,1.43,798.0,-415.0,0.15,0.6,1550,38,0.79,-1.18
gapfade.3,78,51.3,1.61,1.05,191.0,-535.0,0.3,0.25,1530,38,0.6,-6.12
gapfade.3,78,51.3,1.61,1.05,191.0,-535.0,0.3,0.25,1550,38,0.6,-6.12
gapfade.3,78,60.3,2.06,1.08,334.0,-733.0,0.3,0.4,1530,38,0.63,-7.55
gapfade.3,78,60.3,2.06,1.08,334.0,-733.0,0.3,0.4,1550,38,0.63,-7.55
gapfade.3,78,66.7,3.74,1.15,629.0,-761.0,0.3,0.6,1530,38,0.76,-4.44
gapfade.3,78,66.7,3.74,1.15,629.0,-761.0,0.3,0.6,1550,38,0.76,-4.44
gapfade.3,78,35.9,0.32,0.96,-162.0,-861.0,0.5,0.25,1530,38,0.82,-2.7
gapfade.3,78,35.9,0.32,0.96,-162.0,-861.0,0.5,0.25,1550,38,0.82,-2.7
gapfade.3,78,46.2,1.66,1.04,210.0,-1232.0,0.5,0.4,1530,38,0.88,-2.81
gapfade.3,78,46.2,1.66,1.04,210.0,-1232.0,0.5,0.4,1550,38,0.88,-2.81
gapfade.3,78,55.1,5.58,1.22,1234.0,-722.0,0.5,0.6,1530,38,0.84,-3.98
gapfade.3,78,55.1,5.58,1.22,1234.0,-722.0,0.5,0.6,1550,38,0.84,-3.98
gapfade.3,78,20.5,-0.96,0.92,-476.0,-1098.0,1.0,0.25,1530,38,0.65,-6.65
gapfade.3,78,20.5,-0.96,0.92,-476.0,-1098.0,1.0,0.25,1550,38,0.65,-6.65
gapfade.3,78,34.6,8.65,1.3,2060.0,-924.0,1.0,0.4,1530,38,0.74,-7.55
gapfade.3,78,34.6,8.65,1.3,2060.0,-924.0,1.0,0.4,1550,38,0.74,-7.55
gapfade.3,78,43.6,15.78,1.54,3857.0,-1109.0,1.0,0.6,1530,38,0.64,-13.02
gapfade.3,78,43.6,16.18,1.56,3963.0,-1109.0,1.0,0.6,1550,38,0.64,-13.02
gapfade.3,78,9.0,3.85,1.14,903.0,-2367.0,0.0,0.25,1530,38,1.21,8.53
gapfade.3,78,9.0,2.73,1.1,681.0,-2417.0,0.0,0.25,1550,38,1.1,5.09
gapfade.3,78,16.7,12.02,1.4,3479.0,-1896.0,0.0,0.4,1530,38,1.28,11.7
gapfade.3,78,16.7,12.44,1.43,3725.0,-1867.0,0.0,0.4,1550,38,1.21,8.78
gapfade.3,78,26.9,31.01,1.92,8637.0,-1443.0,0.0,0.6,1530,38,0.97,0.96
gapfade.3,78,26.9,31.67,1.93,8929.0,-1504.0,0.0,0.6,1550,38,0.92,-1.95
gapfade.6,35,65.7,-0.21,0.89,-115.0,-499.0,0.15,0.25,1530,19,0.41,-7.39
gapfade.6,35,65.7,-0.21,0.89,-115.0,-499.0,0.15,0.25,1550,19,0.41,-7.39
gapfade.6,35,74.3,0.25,0.95,-57.0,-731.0,0.15,0.4,1530,19,0.7,-3.13
gapfade.6,35,74.3,0.25,0.95,-57.0,-731.0,0.15,0.4,1550,19,0.7,-3.13
gapfade.6,35,88.6,6.96,2.19,706.0,-415.0,0.15,0.6,1530,19,0.73,-2.43
gapfade.6,35,88.6,6.96,2.19,706.0,-415.0,0.15,0.6,1550,19,0.73,-2.43
gapfade.6,35,57.1,4.93,1.3,428.0,-362.0,0.3,0.25,1530,19,0.73,-3.18
gapfade.6,35,57.1,4.93,1.3,428.0,-362.0,0.3,0.25,1550,19,0.73,-3.18
gapfade.6,35,65.7,5.69,1.32,507.0,-521.0,0.3,0.4,1530,19,0.79,-3.4
gapfade.6,35,65.7,5.69,1.32,507.0,-521.0,0.3,0.4,1550,19,0.79,-3.4
gapfade.6,35,71.4,5.86,1.25,459.0,-660.0,0.3,0.6,1530,19,0.99,1.27
gapfade.6,35,71.4,5.86,1.25,459.0,-660.0,0.3,0.6,1550,19,0.99,1.27
gapfade.6,35,45.7,7.79,1.46,806.0,-454.0,0.5,0.25,1530,19,1.02,1.3
gapfade.6,35,45.7,7.79,1.46,806.0,-454.0,0.5,0.25,1550,19,1.02,1.3
gapfade.6,35,51.4,5.98,1.25,578.0,-672.0,0.5,0.4,1530,19,1.1,2.39
gapfade.6,35,51.4,5.98,1.25,578.0,-672.0,0.5,0.4,1550,19,1.1,2.39
gapfade.6,35,60.0,7.99,1.29,748.0,-638.0,0.5,0.6,1530,19,1.06,2.33
gapfade.6,35,60.0,7.99,1.29,748.0,-638.0,0.5,0.6,1550,19,1.06,2.33
gapfade.6,35,25.7,5.65,1.26,623.0,-643.0,1.0,0.25,1530,19,0.92,-0.02
gapfade.6,35,25.7,5.65,1.26,623.0,-643.0,1.0,0.25,1550,19,0.92,-0.02
gapfade.6,35,42.9,19.69,1.83,2234.0,-664.0,1.0,0.4,1530,19,1.12,3.97
gapfade.6,35,42.9,19.69,1.83,2234.0,-664.0,1.0,0.4,1550,19,1.12,3.97
gapfade.6,35,51.4,25.15,1.89,2735.0,-559.0,1.0,0.6,1530,19,1.05,3.68
gapfade.6,35,51.4,26.04,1.95,2841.0,-559.0,1.0,0.6,1550,19,1.05,3.68
gapfade.6,35,8.6,-0.01,1.11,316.0,-1517.0,0.0,0.25,1530,19,1.53,18.2
gapfade.6,35,8.6,0.22,1.13,367.0,-1560.0,0.0,0.25,1550,19,1.3,11.26
gapfade.6,35,14.3,6.52,1.36,1459.0,-2140.0,0.0,0.4,1530,19,2.13,37.7
gapfade.6,35,14.3,12.9,1.58,2344.0,-2140.0,0.0,0.4,1550,19,1.98,31.82
gapfade.6,35,28.6,30.68,1.96,4289.0,-1800.0,0.0,0.6,1530,19,1.61,27.93
gapfade.6,35,28.6,39.19,2.22,5456.0,-1890.0,0.0,0.6,1550,19,1.5,22.05
gapgo.3,75,64.0,-1.0,0.78,-571.0,-700.0,0.15,0.25,1530,56,0.62,-4.07
gapgo.3,75,64.0,-1.0,0.78,-571.0,-700.0,0.15,0.25,1550,56,0.62,-4.07
gapgo.3,75,72.0,-1.1,0.79,-608.0,-847.0,0.15,0.4,1530,56,0.66,-3.95
gapgo.3,75,72.0,-1.1,0.79,-608.0,-847.0,0.15,0.4,1550,56,0.66,-3.95
gapgo.3,75,77.3,0.29,0.89,-312.0,-704.0,0.15,0.6,1530,56,0.96,0.34
gapgo.3,75,77.3,0.29,0.89,-312.0,-704.0,0.15,0.6,1550,56,0.96,0.34
gapgo.3,75,53.3,2.73,1.13,427.0,-518.0,0.3,0.25,1530,56,0.85,-2.43
gapgo.3,75,53.3,2.73,1.13,427.0,-518.0,0.3,0.25,1550,56,0.85,-2.43
gapgo.3,75,61.3,2.93,1.11,424.0,-841.0,0.3,0.4,1530,56,0.76,-4.59
gapgo.3,75,61.3,2.93,1.11,424.0,-841.0,0.3,0.4,1550,56,0.76,-4.59
gapgo.3,75,66.7,4.42,1.19,734.0,-744.0,0.3,0.6,1530,56,1.03,0.42
gapgo.3,75,66.7,4.42,1.19,734.0,-744.0,0.3,0.6,1550,56,1.03,0.42
gapgo.3,75,40.0,3.4,1.15,656.0,-792.0,0.5,0.25,1530,56,0.82,-3.24
gapgo.3,75,40.0,3.4,1.15,656.0,-792.0,0.5,0.25,1550,56,0.82,-3.24
gapgo.3,75,50.7,5.76,1.25,1250.0,-973.0,0.5,0.4,1530,56,0.76,-5.76
gapgo.3,75,50.7,5.76,1.25,1250.0,-973.0,0.5,0.4,1550,56,0.76,-5.76
gapgo.3,75,56.0,7.48,1.35,1755.0,-925.0,0.5,0.6,1530,56,0.97,-0.8
gapgo.3,75,56.0,7.48,1.35,1755.0,-925.0,0.5,0.6,1550,56,0.99,-0.24
gapgo.3,75,28.0,8.4,1.35,1814.0,-934.0,1.0,0.25,1530,56,0.9,-2.13
gapgo.3,75,28.0,8.4,1.35,1814.0,-934.0,1.0,0.25,1550,56,0.85,-3.19
gapgo.3,75,36.0,10.7,1.38,2487.0,-1301.0,1.0,0.4,1530,56,0.83,-4.99
gapgo.3,75,36.0,10.7,1.38,2487.0,-1301.0,1.0,0.4,1550,56,0.83,-4.88
gapgo.3,75,40.0,12.33,1.42,2952.0,-1551.0,1.0,0.6,1530,56,1.17,5.87
gapgo.3,75,40.0,11.61,1.38,2752.0,-1750.0,1.0,0.6,1550,56,1.19,6.54
gapgo.3,75,10.7,-3.08,0.83,-1098.0,-2916.0,0.0,0.25,1530,56,1.04,0.12
gapgo.3,75,10.7,-4.77,0.75,-1604.0,-2739.0,0.0,0.25,1550,56,0.87,-4.1
gapgo.3,75,17.3,8.73,1.28,2351.0,-2447.0,0.0,0.4,1530,56,1.02,0.64
gapgo.3,75,17.3,6.01,1.19,1600.0,-2375.0,0.0,0.4,1550,56,1.02,0.67
gapgo.3,75,20.0,9.25,1.28,2780.0,-2413.0,0.0,0.6,1530,56,1.75,29.18
gapgo.3,75,20.0,3.99,1.13,1315.0,-2667.0,0.0,0.6,1550,56,1.71,28.31
gapgo.6,38,55.3,-4.46,0.55,-731.0,-779.0,0.15,0.25,1530,21,0.85,-1.15
gapgo.6,38,55.3,-4.46,0.55,-731.0,-779.0,0.15,0.25,1550,21,0.85,-1.15
gapgo.6,38,71.1,-2.49,0.7,-491.0,-625.0,0.15,0.4,1530,21,0.91,-0.3
gapgo.6,38,71.1,-2.49,0.7,-491.0,-625.0,0.15,0.4,1550,21,0.91,-0.3
gapgo.6,38,78.9,-0.41,0.85,-221.0,-572.0,0.15,0.6,1530,21,1.16,3.03
gapgo.6,38,78.9,-0.41,0.85,-221.0,-572.0,0.15,0.6,1550,21,1.16,3.03
gapgo.6,38,50.0,0.93,0.96,-75.0,-524.0,0.3,0.25,1530,21,0.84,-1.8
gapgo.6,38,50.0,0.93,0.96,-75.0,-524.0,0.3,0.25,1550,21,0.84,-1.8
gapgo.6,38,63.2,3.1,1.07,154.0,-684.0,0.3,0.4,1530,21,0.73,-4.38
gapgo.6,38,63.2,3.1,1.07,154.0,-684.0,0.3,0.4,1550,21,0.73,-4.38
gapgo.6,38,71.1,5.68,1.24,482.0,-586.0,0.3,0.6,1530,21,0.85,-1.07
gapgo.6,38,71.1,5.68,1.24,482.0,-586.0,0.3,0.6,1550,21,0.85,-1.07
gapgo.6,38,39.5,3.04,1.08,187.0,-713.0,0.5,0.25,1530,21,1.14,3.2
gapgo.6,38,39.5,3.04,1.08,187.0,-713.0,0.5,0.25,1550,21,1.14,3.2
gapgo.6,38,57.9,11.0,1.48,1144.0,-772.0,0.5,0.4,1530,21,0.99,0.86
gapgo.6,38,57.9,11.0,1.48,1144.0,-772.0,0.5,0.4,1550,21,0.99,0.86
gapgo.6,38,68.4,17.0,1.88,1950.0,-791.0,0.5,0.6,1530,21,0.96,0.6
gapgo.6,38,68.4,17.0,1.88,1950.0,-791.0,0.5,0.6,1550,21,0.96,0.6
gapgo.6,38,28.9,9.62,1.35,916.0,-713.0,1.0,0.25,1530,21,0.92,-1.57
gapgo.6,38,28.9,9.62,1.35,916.0,-713.0,1.0,0.25,1550,21,0.92,-1.57
gapgo.6,38,42.1,18.11,1.64,2041.0,-991.0,1.0,0.4,1530,21,0.83,-4.38
gapgo.6,38,42.1,18.11,1.64,2041.0,-991.0,1.0,0.4,1550,21,0.83,-4.38
gapgo.6,38,50.0,25.09,1.91,2963.0,-1070.0,1.0,0.6,1530,21,0.95,2.12
gapgo.6,38,50.0,23.68,1.8,2763.0,-1269.0,1.0,0.6,1550,21,0.95,2.12
gapgo.6,38,10.5,5.04,1.13,410.0,-1185.0,0.0,0.25,1530,21,0.84,-1.43
gapgo.6,38,10.5,2.79,1.03,84.0,-1038.0,0.0,0.25,1550,21,0.72,-5.02
gapgo.6,38,21.1,22.65,1.69,2954.0,-1379.0,0.0,0.4,1530,21,0.89,-0.7
gapgo.6,38,21.1,15.72,1.47,2016.0,-1347.0,0.0,0.4,1550,21,0.85,-2.45
gapgo.6,38,26.3,28.99,1.8,4051.0,-1480.0,0.0,0.6,1530,21,1.15,17.38
gapgo.6,38,26.3,18.14,1.48,2545.0,-1679.0,0.0,0.6,1550,21,1.15,17.7
mom1500.2,111,38.7,-13.89,0.15,-7004.0,-7054.0,0.15,0.25,1530,65,0.2,-12.59
mom1500.2,111,38.7,-13.89,0.15,-7004.0,-7054.0,0.15,0.25,1550,65,0.2,-12.59
mom1500.2,111,52.3,-14.6,0.19,-7324.0,-7375.0,0.15,0.4,1530,65,0.22,-14.82
mom1500.2,111,54.1,-14.16,0.2,-7156.0,-7265.0,0.15,0.4,1550,65,0.22,-14.82
mom1500.2,111,68.5,-11.2,0.27,-5898.0,-6021.0,0.15,0.6,1530,65,0.27,-13.36
mom1500.2,111,70.3,-11.01,0.28,-5834.0,-6017.0,0.15,0.6,1550,65,0.29,-12.65
mom1500.2,111,26.1,-14.89,0.25,-7385.0,-7548.0,0.3,0.25,1530,65,0.38,-10.82
mom1500.2,111,26.1,-15.01,0.25,-7427.0,-7590.0,0.3,0.25,1550,65,0.38,-10.82
mom1500.2,111,37.8,-16.37,0.3,-8061.0,-8266.0,0.3,0.4,1530,65,0.35,-15.59
mom1500.2,111,39.6,-16.64,0.31,-8182.0,-8513.0,0.3,0.4,1550,65,0.35,-15.59
mom1500.2,111,52.3,-13.85,0.4,-7036.0,-7337.0,0.3,0.6,1530,65,0.4,-15.97
mom1500.2,111,55.0,-14.92,0.41,-7484.0,-7911.0,0.3,0.6,1550,65,0.38,-17.72
mom1500.2,111,21.6,-13.52,0.35,-6830.0,-6853.0,0.5,0.25,1530,65,0.47,-9.65
mom1500.2,111,20.7,-13.84,0.35,-6949.0,-6972.0,0.5,0.25,1550,65,0.51,-8.97
mom1500.2,111,30.6,-15.58,0.4,-7771.0,-7771.0,0.5,0.4,1530,65,0.54,-10.8
mom1500.2,111,31.5,-16.27,0.41,-8068.0,-8186.0,0.5,0.4,1550,65,0.56,-10.36
mom1500.2,111,44.1,-11.61,0.54,-6151.0,-6321.0,0.5,0.6,1530,65,0.54,-13.03
mom1500.2,111,45.9,-14.11,0.53,-7206.0,-7417.0,0.5,0.6,1550,65,0.51,-16.03
mom1500.2,111,15.3,-13.04,0.41,-6666.0,-6666.0,1.0,0.25,1530,65,0.52,-9.76
mom1500.2,111,12.6,-13.62,0.41,-6874.0,-6874.0,1.0,0.25,1550,65,0.57,-8.69
mom1500.2,111,20.7,-17.28,0.42,-8418.0,-8418.0,1.0,0.4,1530,65,0.48,-15.41
mom1500.2,111,19.8,-17.71,0.46,-8610.0,-8610.0,1.0,0.4,1550,65,0.53,-14.69
mom1500.2,111,30.6,-13.2,0.57,-6845.0,-7202.0,1.0,0.6,1530,65,0.53,-16.77
mom1500.2,111,31.5,-16.31,0.57,-8163.0,-8521.0,1.0,0.6,1550,65,0.56,-17.91
mom1500.2,111,9.9,-16.84,0.31,-8233.0,-8233.0,0.0,0.25,1530,65,0.49,-10.71
mom1500.2,111,5.4,-10.27,0.58,-5382.0,-5724.0,0.0,0.25,1550,65,0.51,-10.88
mom1500.2,111,16.2,-15.4,0.51,-7591.0,-7591.0,0.0,0.4,1530,65,0.46,-16.53
mom1500.2,111,11.7,-8.81,0.72,-4794.0,-4794.0,0.0,0.4,1550,65,0.36,-22.97
mom1500.2,111,23.4,-8.83,0.71,-5131.0,-5408.0,0.0,0.6,1530,65,0.73,-8.63
mom1500.2,111,18.0,-7.04,0.81,-4393.0,-5733.0,0.0,0.6,1550,65,0.37,-31.07
mom1500.4,72,23.6,-19.79,0.08,-6110.0,-6110.0,0.15,0.25,1530,44,0.19,-13.05
mom1500.4,72,23.6,-19.79,0.08,-6110.0,-6110.0,0.15,0.25,1550,44,0.19,-13.05
mom1500.4,72,40.3,-21.24,0.12,-6538.0,-6538.0,0.15,0.4,1530,44,0.2,-16.01
mom1500.4,72,43.1,-20.55,0.13,-6370.0,-6404.0,0.15,0.4,1550,44,0.2,-16.01
mom1500.4,72,61.1,-16.62,0.2,-5287.0,-5287.0,0.15,0.6,1530,44,0.26,-14.2
mom1500.4,72,63.9,-16.32,0.21,-5223.0,-5258.0,0.15,0.6,1550,44,0.27,-13.82
mom1500.4,72,15.3,-20.45,0.13,-6267.0,-6267.0,0.3,0.25,1530,44,0.41,-9.76
mom1500.4,72,15.3,-20.83,0.13,-6364.0,-6364.0,0.3,0.25,1550,44,0.41,-9.76
mom1500.4,72,26.4,-23.79,0.19,-7220.0,-7220.0,0.3,0.4,1530,44,0.41,-13.28
mom1500.4,72,30.6,-22.85,0.21,-6989.0,-7091.0,0.3,0.4,1550,44,0.41,-13.28
mom1500.4,72,44.4,-20.13,0.3,-6247.0,-6247.0,0.3,0.6,1530,44,0.49,-11.53
mom1500.4,72,48.6,-20.49,0.32,-6345.0,-6461.0,0.3,0.6,1550,44,0.49,-12.12
mom1500.4,72,13.9,-18.89,0.2,-5855.0,-5855.0,0.5,0.25,1530,44,0.55,-7.35
mom1500.4,72,12.5,-19.86,0.19,-6106.0,-6106.0,0.5,0.25,1550,44,0.6,-6.35
mom1500.4,72,23.6,-21.03,0.29,-6493.0,-6623.0,0.5,0.4,1530,44,0.58,-9.39
mom1500.4,72,26.4,-20.89,0.31,-6480.0,-6804.0,0.5,0.4,1550,44,0.61,-8.73
mom1500.4,72,40.3,-15.08,0.47,-4900.0,-5116.0,0.5,0.6,1530,44,0.59,-10.83
mom1500.4,72,43.1,-17.28,0.47,-5511.0,-5920.0,0.5,0.6,1550,44,0.57,-13.25
mom1500.4,72,9.7,-18.41,0.26,-5750.0,-5883.0,1.0,0.25,1530,44,0.63,-6.37
mom1500.4,72,6.9,-20.55,0.22,-6291.0,-6425.0,1.0,0.25,1550,44,0.71,-4.8
mom1500.4,72,15.3,-23.18,0.3,-7023.0,-7546.0,1.0,0.4,1530,44,0.6,-10.53
mom1500.4,72,16.7,-22.56,0.35,-6874.0,-7286.0,1.0,0.4,1550,44,0.63,-10.36
mom1500.4,72,27.8,-17.39,0.5,-5545.0,-5991.0,1.0,0.6,1530,44,0.65,-10.86
mom1500.4,72,30.6,-18.05,0.54,-5749.0,-6150.0,1.0,0.6,1550,44,0.7,-10.57
mom1500.4,72,4.2,-26.19,0.04,-7832.0,-7832.0,0.0,0.25,1530,44,0.61,-7.13
mom1500.4,72,0.0,-29.24,0.0,-8614.0,-8614.0,0.0,0.25,1550,44,0.54,-9.52
mom1500.4,72,11.1,-26.37,0.26,-7860.0,-8077.0,0.0,0.4,1530,44,0.59,-11.52
mom1500.4,72,8.3,-28.63,0.27,-8517.0,-8517.0,0.0,0.4,1550,44,0.37,-22.47
mom1500.4,72,20.8,-13.83,0.62,-4713.0,-5320.0,0.0,0.6,1530,44,0.92,-0.98
mom1500.4,72,16.7,-19.14,0.58,-6276.0,-6741.0,0.0,0.6,1550,44,0.44,-25.8
mom1400.3,94,51.1,-7.54,0.34,-3400.0,-3400.0,0.15,0.25,1530,57,0.38,-7.16
mom1400.3,94,51.1,-7.54,0.34,-3400.0,-3400.0,0.15,0.25,1550,57,0.38,-7.16
mom1400.3,94,62.8,-8.17,0.37,-3617.0,-3653.0,0.15,0.4,1530,57,0.34,-10.66
mom1400.3,94,62.8,-8.44,0.37,-3703.0,-3739.0,0.15,0.4,1550,57,0.34,-10.66
mom1400.3,94,69.1,-10.04,0.36,-4310.0,-4347.0,0.15,0.6,1530,57,0.31,-13.82
mom1400.3,94,70.2,-10.3,0.35,-4405.0,-4441.0,0.15,0.6,1550,57,0.31,-13.82
mom1400.3,94,37.2,-7.48,0.48,-3434.0,-3434.0,0.3,0.25,1530,57,0.59,-5.31
mom1400.3,94,37.2,-7.48,0.48,-3434.0,-3434.0,0.3,0.25,1550,57,0.59,-5.31
mom1400.3,94,46.8,-9.93,0.48,-4304.0,-4455.0,0.3,0.4,1530,57,0.56,-8.12
mom1400.3,94,46.8,-10.2,0.48,-4390.0,-4541.0,0.3,0.4,1550,57,0.56,-8.12
mom1400.3,94,55.3,-11.8,0.49,-4970.0,-5222.0,0.3,0.6,1530,57,0.51,-11.98
mom1400.3,94,56.4,-12.22,0.48,-5120.0,-5372.0,0.3,0.6,1550,57,0.51,-11.98
mom1400.3,94,26.6,-8.02,0.52,-3708.0,-3708.0,0.5,0.25,1530,57,0.62,-5.91
mom1400.3,94,26.6,-8.02,0.52,-3708.0,-3708.0,0.5,0.25,1550,57,0.66,-5.14
mom1400.3,94,34.0,-12.06,0.5,-5089.0,-5302.0,0.5,0.4,1530,57,0.55,-10.63
mom1400.3,94,34.0,-12.32,0.5,-5175.0,-5387.0,0.5,0.4,1550,57,0.6,-9.35
mom1400.3,94,44.7,-11.11,0.58,-4824.0,-4999.0,0.5,0.6,1530,57,0.63,-10.13
mom1400.3,94,44.7,-13.17,0.55,-5538.0,-5713.0,0.5,0.6,1550,57,0.65,-10.4
mom1400.3,94,10.6,-15.52,0.34,-6055.0,-6200.0,1.0,0.25,1530,57,0.9,-0.06
mom1400.3,94,9.6,-15.99,0.33,-6191.0,-6336.0,1.0,0.25,1550,57,0.9,-0.25
mom1400.3,94,19.1,-18.05,0.44,-6944.0,-7175.0,1.0,0.4,1530,57,0.72,-6.68
mom1400.3,94,18.1,-17.64,0.47,-6722.0,-7307.0,1.0,0.4,1550,57,0.84,-3.21
mom1400.3,94,28.7,-18.55,0.51,-7151.0,-7308.0,1.0,0.6,1530,57,0.81,-5.09
mom1400.3,94,26.6,-20.72,0.51,-7841.0,-8352.0,1.0,0.6,1550,57,0.93,-1.35
mom1400.3,94,5.3,-15.83,0.34,-6449.0,-6449.0,0.0,0.25,1530,57,1.47,14.06
mom1400.3,94,3.2,-15.19,0.37,-6256.0,-6291.0,0.0,0.25,1550,57,1.21,7.64
mom1400.3,94,12.8,-17.53,0.48,-6898.0,-6917.0,0.0,0.4,1530,57,1.13,6.95
mom1400.3,94,7.4,-16.22,0.53,-6475.0,-6897.0,0.0,0.4,1550,57,1.06,4.34
mom1400.3,94,21.3,-18.78,0.54,-7274.0,-7788.0,0.0,0.6,1530,57,1.1,6.39
mom1400.3,94,12.8,-16.91,0.63,-6807.0,-8810.0,0.0,0.6,1550,57,0.99,1.05
mom1200.3,96,52.1,-6.21,0.43,-2623.0,-2728.0,0.15,0.25,1530,60,0.69,-1.56
mom1200.3,96,52.1,-6.21,0.43,-2623.0,-2728.0,0.15,0.25,1550,60,0.69,-1.56
mom1200.3,96,63.5,-7.14,0.46,-2917.0,-3013.0,0.15,0.4,1530,60,0.61,-3.4
mom1200.3,96,63.5,-7.1,0.46,-2903.0,-2999.0,0.15,0.4,1550,60,0.61,-3.4
mom1200.3,96,71.9,-8.18,0.45,-3411.0,-3502.0,0.15,0.6,1530,60,0.59,-4.4
mom1200.3,96,71.9,-8.14,0.45,-3397.0,-3488.0,0.15,0.6,1550,60,0.59,-4.4
mom1200.3,96,34.4,-8.14,0.48,-3305.0,-3398.0,0.3,0.25,1530,60,0.68,-3.06
mom1200.3,96,34.4,-8.14,0.48,-3305.0,-3398.0,0.3,0.25,1550,60,0.68,-3.06
mom1200.3,96,47.9,-8.7,0.55,-3442.0,-3803.0,0.3,0.4,1530,60,0.56,-7.76
mom1200.3,96,47.9,-8.5,0.56,-3373.0,-3734.0,0.3,0.4,1550,60,0.59,-6.9
mom1200.3,96,59.4,-9.07,0.58,-3619.0,-3819.0,0.3,0.6,1530,60,0.47,-13.26
mom1200.3,96,59.4,-8.61,0.6,-3471.0,-3671.0,0.3,0.6,1550,60,0.5,-12.4
mom1200.3,96,26.0,-7.52,0.56,-3100.0,-3261.0,0.5,0.25,1530,60,0.97,1.85
mom1200.3,96,26.0,-7.52,0.56,-3100.0,-3261.0,0.5,0.25,1550,60,0.97,1.85
mom1200.3,96,38.5,-7.97,0.64,-3230.0,-3555.0,0.5,0.4,1530,60,0.7,-5.59
mom1200.3,96,38.5,-7.36,0.67,-2996.0,-3459.0,0.5,0.4,1550,60,0.72,-4.93
mom1200.3,96,45.8,-12.2,0.59,-4648.0,-4857.0,0.5,0.6,1530,60,0.59,-11.76
mom1200.3,96,44.8,-12.94,0.58,-4874.0,-5221.0,0.5,0.6,1550,60,0.61,-11.1
mom1200.3,96,14.6,-9.74,0.54,-3732.0,-4231.0,1.0,0.25,1530,60,0.87,-0.19
mom1200.3,96,14.6,-10.0,0.53,-3845.0,-4345.0,1.0,0.25,1550,60,0.8,-1.9
mom1200.3,96,22.9,-12.43,0.58,-4590.0,-5464.0,1.0,0.4,1530,60,0.65,-9.05
mom1200.3,96,22.9,-12.3,0.59,-4557.0,-5425.0,1.0,0.4,1550,60,0.64,-9.36
mom1200.3,96,31.2,-15.39,0.59,-5548.0,-6160.0,1.0,0.6,1530,60,0.54,-18.26
mom1200.3,96,30.2,-16.98,0.58,-6043.0,-6650.0,1.0,0.6,1550,60,0.53,-18.71
mom1200.3,96,8.3,-8.96,0.64,-3113.0,-3552.0,0.0,0.25,1530,60,1.55,16.16
mom1200.3,96,8.3,-7.99,0.68,-2794.0,-3121.0,0.0,0.25,1550,60,1.39,13.28
mom1200.3,96,13.5,-17.13,0.53,-5739.0,-6539.0,0.0,0.4,1530,60,1.07,5.77
mom1200.3,96,13.5,-16.39,0.56,-5494.0,-6021.0,0.0,0.4,1550,60,1.01,3.93
mom1200.3,96,20.8,-21.2,0.56,-6959.0,-7573.0,0.0,0.6,1530,60,0.87,-2.74
mom1200.3,96,19.8,-23.04,0.54,-7602.0,-7943.0,0.0,0.6,1550,60,0.9,-1.21
trend1030.3,69,56.5,-4.09,0.58,-1177.0,-1254.0,0.15,0.25,1530,33,0.33,-9.49
trend1030.3,69,56.5,-4.09,0.58,-1177.0,-1254.0,0.15,0.25,1550,33,0.33,-9.49
trend1030.3,69,66.7,-5.04,0.57,-1446.0,-1523.0,0.15,0.4,1530,33,0.36,-11.46
trend1030.3,69,66.7,-5.04,0.57,-1446.0,-1523.0,0.15,0.4,1550,33,0.36,-11.46
trend1030.3,69,75.4,-5.18,0.58,-1548.0,-1625.0,0.15,0.6,1530,33,0.35,-13.73
trend1030.3,69,75.4,-5.18,0.58,-1548.0,-1625.0,0.15,0.6,1550,33,0.35,-13.73
trend1030.3,69,37.7,-5.98,0.59,-1655.0,-1825.0,0.3,0.25,1530,33,0.67,-4.79
trend1030.3,69,37.7,-5.98,0.59,-1655.0,-1825.0,0.3,0.25,1550,33,0.67,-4.79
trend1030.3,69,55.1,-2.97,0.8,-897.0,-1333.0,0.3,0.4,1530,33,0.72,-5.39
trend1030.3,69,56.5,-2.33,0.82,-759.0,-1306.0,0.3,0.4,1550,33,0.72,-5.39
trend1030.3,69,60.9,-5.56,0.72,-1505.0,-2431.0,0.3,0.6,1530,33,0.62,-9.64
trend1030.3,69,63.8,-4.5,0.76,-1283.0,-2294.0,0.3,0.6,1550,33,0.62,-9.64
trend1030.3,69,30.4,-4.5,0.7,-1346.0,-1640.0,0.5,0.25,1530,33,0.76,-3.73
trend1030.3,69,30.4,-4.38,0.71,-1319.0,-1612.0,0.5,0.25,1550,33,0.76,-3.73
trend1030.3,69,52.2,4.81,1.21,963.0,-1115.0,0.5,0.4,1530,33,0.83,-3.27
trend1030.3,69,53.6,5.58,1.25,1129.0,-1115.0,0.5,0.4,1550,33,0.83,-3.27
trend1030.3,69,56.5,1.21,1.01,67.0,-1748.0,0.5,0.6,1530,33,0.8,-4.79
trend1030.3,69,59.4,2.68,1.06,376.0,-1583.0,0.5,0.6,1550,33,0.8,-4.79
trend1030.3,69,15.9,-8.13,0.62,-2068.0,-2390.0,1.0,0.25,1530,33,0.94,0.06
trend1030.3,69,15.9,-8.0,0.63,-2040.0,-2362.0,1.0,0.25,1550,33,0.94,0.06
trend1030.3,69,34.8,3.72,1.12,754.0,-1623.0,1.0,0.4,1530,33,0.98,0.97
trend1030.3,69,34.8,3.75,1.11,723.0,-1463.0,1.0,0.4,1550,33,0.98,0.97
trend1030.3,69,37.7,-2.56,0.9,-823.0,-2624.0,1.0,0.6,1530,33,1.01,2.49
trend1030.3,69,39.1,-2.7,0.9,-837.0,-2625.0,1.0,0.6,1550,33,0.98,1.57
trend1030.3,69,4.3,-22.18,0.13,-5395.0,-5395.0,0.0,0.25,1530,33,1.8,18.44
trend1030.3,69,4.3,-24.05,0.06,-5871.0,-5871.0,0.0,0.25,1550,33,1.77,17.53
trend1030.3,69,18.8,-9.37,0.75,-2051.0,-3466.0,0.0,0.4,1530,33,1.6,18.88
trend1030.3,69,17.4,-17.38,0.51,-4085.0,-4085.0,0.0,0.4,1550,33,1.75,23.36
trend1030.3,69,23.2,-10.84,0.77,-2522.0,-3855.0,0.0,0.6,1530,33,1.22,9.28
trend1030.3,69,21.7,-19.01,0.6,-4532.0,-4570.0,0.0,0.6,1550,33,1.32,13.4
trend1030.5,31,54.8,-4.71,0.57,-548.0,-588.0,0.15,0.25,1530,21,0.22,-13.1
trend1030.5,31,54.8,-4.71,0.57,-548.0,-588.0,0.15,0.25,1550,21,0.22,-13.1
trend1030.5,31,67.7,-4.38,0.63,-524.0,-615.0,0.15,0.4,1530,21,0.21,-17.86
trend1030.5,31,67.7,-4.38,0.63,-524.0,-615.0,0.15,0.4,1550,21,0.21,-17.86
trend1030.5,31,74.2,-6.0,0.58,-702.0,-820.0,0.15,0.6,1530,21,0.26,-18.58
trend1030.5,31,74.2,-6.0,0.58,-702.0,-820.0,0.15,0.6,1550,21,0.26,-18.58
trend1030.5,31,35.5,-7.13,0.54,-873.0,-963.0,0.3,0.25,1530,21,0.42,-10.72
trend1030.5,31,35.5,-7.13,0.54,-873.0,-963.0,0.3,0.25,1550,21,0.42,-10.72
trend1030.5,31,58.1,-0.59,0.94,-116.0,-602.0,0.3,0.4,1530,21,0.41,-14.77
trend1030.5,31,61.3,0.84,1.01,21.0,-550.0,0.3,0.4,1550,21,0.41,-14.77
trend1030.5,31,64.5,-2.52,0.84,-352.0,-939.0,0.3,0.6,1530,21,0.4,-18.58
trend1030.5,31,67.7,-1.09,0.9,-214.0,-802.0,0.3,0.6,1550,21,0.4,-18.58
trend1030.5,31,29.0,-4.87,0.71,-595.0,-844.0,0.5,0.25,1530,21,0.56,-8.58
trend1030.5,31,29.0,-4.87,0.71,-595.0,-844.0,0.5,0.25,1550,21,0.56,-8.58
trend1030.5,31,54.8,8.12,1.44,853.0,-445.0,0.5,0.4,1530,21,0.7,-7.15
trend1030.5,31,58.1,9.55,1.54,991.0,-442.0,0.5,0.4,1550,21,0.7,-7.15
trend1030.5,31,61.3,6.83,1.29,684.0,-783.0,0.5,0.6,1530,21,0.69,-9.05
trend1030.5,31,64.5,8.26,1.36,822.0,-708.0,0.5,0.6,1550,21,0.69,-9.05
trend1030.5,31,19.4,-2.45,0.87,-300.0,-713.0,1.0,0.25,1530,21,0.62,-8.58
trend1030.5,31,19.4,-2.45,0.87,-300.0,-713.0,1.0,0.25,1550,21,0.62,-8.58
trend1030.5,31,41.9,15.77,1.66,1676.0,-764.0,1.0,0.4,1530,21,0.72,-8.1
trend1030.5,31,45.2,17.08,1.74,1804.0,-693.0,1.0,0.4,1550,21,0.72,-8.1
trend1030.5,31,48.4,15.13,1.48,1552.0,-1253.0,1.0,0.6,1530,21,0.8,-6.67
trend1030.5,31,51.6,16.44,1.53,1680.0,-1115.0,1.0,0.6,1550,21,0.77,-8.1
trend1030.5,31,3.2,-21.93,0.16,-2330.0,-2408.0,0.0,0.25,1530,21,1.58,14.19
trend1030.5,31,3.2,-24.87,0.04,-2682.0,-2682.0,0.0,0.25,1550,21,1.55,12.76
trend1030.5,31,19.4,-7.37,0.79,-753.0,-1851.0,0.0,0.4,1530,21,1.21,7.26
trend1030.5,31,19.4,-16.84,0.5,-1805.0,-1860.0,0.0,0.4,1550,21,1.24,7.91
trend1030.5,31,29.0,5.28,1.11,498.0,-1381.0,0.0,0.6,1530,21,0.85,-7.5
trend1030.5,31,25.8,-4.19,0.89,-545.0,-1796.0,0.0,0.6,1550,21,0.85,-8.28
