date,t,dir,strike,prem,exit,qty,why,ret,pnl
2024-11-07,600,1,594,1.6,2.11,1,TIME,0.31874999999999987,49.69999999999998
2024-11-08,590,1,597,1.03,1.36,1,TIME,0.32038834951456296,31.699999999999985
2024-11-11,590,-1,599,0.92,0.58,2,SL,-0.37173913043478257,-70.99999999999999
2024-11-12,605,-1,598,0.97,3.23,2,TIME,2.329896907216495,449.3999999999999
2024-11-13,590,-1,597,1.28,0.81,1,SL,-0.365625,-48.099999999999994
2024-11-18,605,1,587,0.95,1.61,2,TIME,0.6947368421052629,129.39999999999998
2024-11-26,620,-1,599,1.42,0.9,1,SL,-0.3640845070422536,-53.0
2024-11-27,615,-1,600,0.99,1.81,2,TIME,0.8282828282828283,161.4
2024-12-02,665,-1,603,0.9,0.57,2,SL,-0.3722222222222221,-69.6
2024-12-03,630,-1,603,1.08,0.68,1,SL,-0.36851851851851847,-41.1
2024-12-04,595,1,606,0.94,0.59,2,SL,-0.37127659574468075,-72.39999999999999
2024-12-05,605,1,608,0.78,0.49,2,SL,-0.37564102564102564,-61.20000000000001
2024-12-06,590,1,609,0.76,0.47,2,SL,-0.37631578947368416,-59.8
2024-12-09,620,-1,607,0.68,1.81,2,TIME,1.6617647058823528,223.39999999999998
2024-12-11,590,1,606,1.0,2.34,2,TIME,1.3399999999999999,265.4
2024-12-12,595,-1,606,0.89,0.56,2,SL,-0.3724719101123596,-68.89999999999999
2024-12-13,605,-1,606,0.97,2.68,2,TIME,1.7628865979381447,339.40000000000003
2024-12-16,605,1,607,0.53,0.32,3,SL,-0.38773584905660374,-65.55000000000001
2024-12-17,595,1,605,0.76,0.47,2,SL,-0.37631578947368416,-59.8
2024-12-18,595,1,605,1.4,1.41,1,TIME,0.0071428571428571175,-0.29999999999999916
2024-12-26,595,-1,598,1.19,0.75,1,SL,-0.36680672268907566,-44.949999999999996
2025-01-16,590,-1,592,1.42,0.9,1,SL,-0.3640845070422536,-53.0
2025-01-22,595,1,606,1.22,1.46,1,TIME,0.19672131147540983,22.7
2025-01-23,645,1,607,0.59,0.96,3,TIME,0.6271186440677967,107.1
2025-01-24,590,1,610,1.3,0.83,1,SL,-0.3653846153846153,-48.8
2025-01-29,610,1,604,1.98,1.49,1,STOP,-0.24747474747474751,-50.3
2025-01-30,590,1,606,1.35,0.86,1,SL,-0.3648148148148148,-50.550000000000004
2025-01-31,600,1,608,1.36,1.58,1,TIME,0.1617647058823528,20.699999999999996
2025-02-04,595,1,599,1.89,2.02,1,TIME,0.06878306878306861,11.699999999999989
2025-02-05,595,-1,600,1.49,0.95,1,SL,-0.36342281879194627,-55.449999999999996
2025-02-06,605,-1,605,1.46,1.04,1,STOP,-0.28767123287671226,-43.29999999999999
2025-02-07,590,1,608,1.24,0.79,1,SL,-0.3661290322580645,-46.699999999999996
2025-02-11,630,1,604,1.18,0.75,1,SL,-0.3669491525423728,-44.599999999999994
2025-02-14,605,1,611,0.94,0.59,2,SL,-0.37127659574468075,-72.39999999999999
2025-02-18,605,-1,610,1.17,0.74,1,SL,-0.3670940170940171,-44.25
2025-02-19,605,-1,610,1.12,0.84,1,STOP,-0.2500000000000001,-29.300000000000015
2025-03-13,590,-1,557,2.81,1.81,1,SL,-0.35711743772242,-101.65
2025-03-19,590,1,563,2.79,3.04,1,TIME,0.08960573476702516,23.7
2025-03-21,655,1,560,1.97,1.26,1,SL,-0.3601522842639594,-72.25
2025-03-25,590,-1,574,1.29,0.82,1,SL,-0.36550387596899225,-48.45
2025-03-26,595,-1,574,1.11,4.63,1,TIME,3.1711711711711716,350.70000000000005
2025-03-28,600,-1,564,2.07,7.81,1,TIME,2.772946859903382,572.7
2025-04-01,590,1,558,2.39,1.53,1,SL,-0.3583682008368201,-86.95
2025-04-15,595,1,542,2.72,1.75,1,SL,-0.35735294117647054,-98.5
2025-04-16,595,-1,530,2.67,1.72,1,SL,-0.35749063670411985,-96.74999999999999
2025-04-17,595,1,529,2.64,1.8,1,STOP,-0.31818181818181823,-85.30000000000001
2025-04-21,595,-1,519,2.87,8.97,1,TIME,2.1254355400696867,608.7
2025-04-22,590,1,522,2.53,6.23,1,TIME,1.462450592885376,368.70000000000005
2025-04-24,590,1,538,3.12,7.48,1,TIME,1.3974358974358974,434.70000000000005
2025-04-25,590,-1,546,3.0,1.93,1,SL,-0.3566666666666666,-108.29999999999998
2025-04-28,600,-1,550,1.95,1.25,1,SL,-0.3602564102564102,-71.54999999999998
2025-04-29,590,1,551,2.12,1.36,1,SL,-0.3594339622641509,-77.5
2025-05-01,600,-1,559,2.52,1.9,1,STOP,-0.24603174603174605,-63.30000000000001
2025-05-02,590,-1,564,2.34,1.5,1,SL,-0.3585470085470086,-85.19999999999999
2025-05-05,610,1,563,1.92,2.66,1,TIME,0.38541666666666674,72.70000000000003
2025-05-06,595,-1,557,1.78,1.14,1,SL,-0.3612359550561798,-65.6
2025-05-07,600,1,561,2.64,1.7,1,SL,-0.35757575757575755,-95.69999999999999
2025-05-08,590,-1,564,2.41,1.55,1,SL,-0.35829875518672194,-87.64999999999999
2025-05-09,620,-1,566,1.71,2.82,1,TIME,0.6491228070175439,109.69999999999999
2025-05-13,595,1,585,1.37,3.09,1,TIME,1.2554744525547443,170.69999999999996
2025-05-14,590,-1,587,1.69,1.08,1,SL,-0.36183431952662715,-62.44999999999999
2025-05-15,590,-1,585,1.38,0.95,1,STOP,-0.3115942028985508,-44.30000000000001
2025-05-16,645,-1,589,1.14,0.72,1,SL,-0.36754385964912284,-43.2
2025-05-20,590,-1,592,1.33,0.84,1,SL,-0.3650375939849624,-49.85
2025-05-21,590,1,590,1.58,1.01,1,SL,-0.3626582278481012,-58.599999999999994
2025-05-28,590,-1,591,1.8,1.72,1,TIME,-0.04444444444444451,-9.300000000000008
2025-06-03,620,1,593,1.43,3.53,1,TIME,1.4685314685314683,208.69999999999996
2025-06-04,605,-1,597,1.49,0.95,1,SL,-0.36342281879194627,-55.449999999999996
2025-06-10,620,1,601,1.19,0.75,1,SL,-0.36680672268907566,-44.949999999999996
2025-06-12,590,1,601,1.32,2.16,1,TIME,0.6363636363636365,82.70000000000002
2025-06-17,610,1,601,1.23,0.78,1,SL,-0.3662601626016261,-46.35
2025-06-18,590,1,599,1.71,1.97,1,TIME,0.1520467836257311,24.7
2025-06-25,615,-1,607,0.91,0.57,2,SL,-0.371978021978022,-70.3
2025-06-26,590,-1,609,1.18,0.93,1,STOP,-0.211864406779661,-26.3
2025-06-27,590,1,614,0.95,1.88,2,TIME,0.9789473684210523,183.39999999999998
2025-07-01,590,1,617,1.31,0.83,1,SL,-0.3652671755725191,-49.15
2025-07-02,605,1,618,0.83,1.7,2,TIME,1.048192771084337,171.39999999999998
2025-07-07,615,-1,623,1.18,3.33,1,TIME,1.8220338983050848,213.70000000000002
2025-07-08,605,-1,621,1.42,0.9,1,SL,-0.3640845070422536,-53.0
2025-07-10,595,-1,623,0.85,0.53,2,SL,-0.3735294117647059,-66.1
2025-07-18,605,-1,629,1.21,2.31,1,TIME,0.9090909090909092,108.70000000000002
2025-07-21,590,1,630,0.92,1.47,2,TIME,0.5978260869565217,107.39999999999999
2025-07-22,590,-1,628,1.07,0.68,1,SL,-0.3686915887850467,-40.74999999999999
2025-07-24,590,1,635,1.12,0.71,1,SL,-0.3678571428571429,-42.5
2025-07-25,620,1,636,0.61,1.13,3,TIME,0.8524590163934425,152.09999999999997
2025-07-28,615,1,638,0.8,0.5,2,SL,-0.375,-62.60000000000001
2025-07-29,590,-1,638,1.06,1.61,1,TIME,0.5188679245283017,53.69999999999999
2025-07-30,620,1,636,1.53,1.05,1,STOP,-0.3137254901960784,-49.3
2025-08-05,605,-1,631,1.36,2.35,1,TIME,0.7279411764705881,97.7
2025-08-08,590,1,635,1.36,1.71,1,TIME,0.25735294117647056,33.69999999999999
2025-08-11,620,1,638,0.9,0.57,2,SL,-0.3722222222222221,-69.6
2025-08-13,590,1,646,0.89,0.56,2,SL,-0.3724719101123596,-68.89999999999999
2025-08-15,590,-1,644,1.32,0.84,1,SL,-0.3651515151515151,-49.49999999999999
2025-08-18,600,-1,643,1.12,0.76,1,STOP,-0.3214285714285715,-37.300000000000004
2025-08-25,610,1,644,1.1,0.7,1,SL,-0.36818181818181817,-41.8
2025-08-26,590,-1,642,1.19,0.75,1,SL,-0.36680672268907566,-44.949999999999996
2025-08-27,610,1,646,1.27,1.4,1,TIME,0.10236220472440927,11.699999999999989
2025-08-29,590,-1,646,1.26,2.28,1,TIME,0.8095238095238093,100.69999999999999
2025-09-03,595,-1,642,1.0,0.68,2,STOP,-0.32000000000000006,-66.60000000000001
2025-09-05,595,-1,651,1.1,5.29,1,TIME,3.8090909090909086,417.69999999999993
2025-09-09,595,-1,649,1.27,0.82,1,STOP,-0.35433070866141736,-46.300000000000004
2025-09-11,595,1,655,1.16,2.29,1,TIME,0.9741379310344829,111.70000000000002
2025-09-12,600,1,658,0.88,0.55,2,SL,-0.3727272727272727,-68.19999999999999
2025-09-15,595,1,660,1.09,0.69,1,SL,-0.368348623853211,-41.449999999999996
2025-09-17,605,-1,660,2.45,3.09,1,TIME,0.26122448979591817,62.699999999999974
2025-09-22,590,1,663,0.78,3.5,2,TIME,3.4871794871794872,541.4
2025-09-23,625,-1,666,0.65,1.48,3,TIME,1.2769230769230768,245.1
2025-10-07,605,-1,672,0.95,2.99,2,TIME,2.147368421052631,405.3999999999999
2025-10-08,605,1,671,1.17,1.9,1,TIME,0.6239316239316239,71.7
2025-10-21,600,-1,671,1.57,1.0,1,SL,-0.3627388535031846,-58.249999999999986
2025-10-27,605,1,683,1.18,0.75,1,SL,-0.3669491525423728,-44.599999999999994
2025-10-28,590,-1,686,1.35,0.86,1,SL,-0.3648148148148148,-50.550000000000004
2025-10-29,595,1,689,2.34,1.85,1,STOP,-0.20940170940170932,-50.299999999999976
2025-11-05,590,1,676,1.75,4.46,1,TIME,1.548571428571429,269.7000000000001
2025-11-11,600,1,681,1.02,0.64,1,SL,-0.3696078431372549,-39.0
2025-11-12,590,-1,683,1.34,0.85,1,SL,-0.3649253731343284,-50.199999999999996
2025-11-20,595,1,674,2.12,1.56,1,STOP,-0.26415094339622647,-57.300000000000004
2025-11-26,590,1,679,1.62,1.03,1,SL,-0.3623456790123456,-59.99999999999999
2025-12-01,595,1,681,1.64,1.05,1,SL,-0.3621951219512195,-60.7
2025-12-02,595,-1,682,1.64,1.17,1,STOP,-0.2865853658536587,-48.30000000000002
2025-12-03,605,1,682,1.56,0.99,1,SL,-0.36282051282051286,-57.900000000000006
2025-12-04,590,-1,683,1.4,0.89,1,SL,-0.3642857142857143,-52.3
2025-12-05,595,1,687,1.26,0.8,1,SL,-0.3658730158730158,-47.39999999999999
2025-12-08,610,-1,685,1.07,1.51,1,TIME,0.41121495327102786,42.699999999999996
2025-12-09,595,1,684,1.38,0.88,1,SL,-0.36449275362318834,-51.599999999999994
2025-12-11,590,-1,684,1.97,1.26,1,SL,-0.3601522842639594,-72.25
2025-12-12,590,-1,687,1.19,4.23,1,TIME,2.5546218487394965,302.70000000000005
2025-12-26,605,-1,690,0.79,0.49,2,SL,-0.37531645569620253,-61.9
2025-12-30,590,1,688,0.92,0.58,2,SL,-0.37173913043478257,-70.99999999999999
2026-01-05,605,1,688,0.85,0.91,2,TIME,0.07058823529411762,9.400000000000011
2026-01-06,590,1,689,1.03,0.65,1,SL,-0.3694174757281553,-39.349999999999994
2026-01-07,615,-1,692,1.16,0.73,1,SL,-0.36724137931034484,-43.89999999999999
2026-01-13,590,-1,695,1.26,0.8,1,SL,-0.3658730158730158,-47.39999999999999
2026-01-15,650,-1,693,1.01,0.64,1,SL,-0.3698019801980198,-38.64999999999999
2026-01-16,595,-1,693,1.25,0.79,1,SL,-0.366,-47.05
2026-01-27,590,1,694,1.28,1.35,1,TIME,0.0546875,5.700000000000006
2026-01-28,610,-1,697,1.96,2.77,1,TIME,0.41326530612244894,79.7
2026-02-12,590,-1,693,1.44,9.76,1,TIME,5.777777777777778,830.7
2026-02-25,590,1,692,1.49,0.95,1,SL,-0.36342281879194627,-55.449999999999996
2026-03-11,590,-1,677,2.51,1.79,1,STOP,-0.28685258964143434,-73.30000000000001
2026-03-12,595,-1,669,2.52,1.62,1,SL,-0.3579365079365079,-91.49999999999999
2026-03-16,590,1,670,1.86,1.19,1,SL,-0.360752688172043,-68.4
2026-03-17,590,1,674,1.7,1.08,1,SL,-0.361764705882353,-62.8
2026-03-18,615,-1,667,2.23,2.11,1,TIME,-0.053811659192825156,-13.300000000000011
2026-03-20,595,-1,655,2.38,2.39,1,TIME,0.004201680672269115,-0.29999999999997695
2026-04-09,620,-1,674,1.11,0.7,1,SL,-0.3680180180180179,-42.14999999999999
2026-04-10,685,1,682,0.97,0.61,2,SL,-0.37061855670103094,-74.5
2026-04-13,590,1,679,1.57,3.66,1,TIME,1.3312101910828025,207.7
2026-04-16,595,-1,699,1.7,1.08,1,SL,-0.361764705882353,-62.8
2026-04-17,595,1,708,1.41,4.17,1,TIME,1.957446808510639,274.70000000000005
2026-04-20,600,1,710,1.24,0.79,1,SL,-0.3661290322580645,-46.699999999999996
2026-04-21,595,1,711,1.21,0.77,1,SL,-0.36652892561983474,-45.65
2026-04-22,600,1,709,1.66,1.06,1,SL,-0.36204819277108435,-61.39999999999999
2026-04-23,590,1,711,1.39,0.88,1,SL,-0.3643884892086331,-51.95
2026-04-24,595,-1,710,1.89,1.21,1,SL,-0.36058201058201056,-69.45
2026-04-27,680,-1,713,1.16,0.73,1,SL,-0.36724137931034484,-43.89999999999999
2026-04-29,625,1,711,2.44,1.85,1,STOP,-0.24180327868852458,-60.29999999999998
2026-05-04,590,1,720,1.5,0.96,1,SL,-0.3633333333333333,-55.79999999999999
2026-05-05,600,1,723,0.98,0.94,2,TIME,-0.04081632653061229,-10.600000000000007
2026-05-07,590,-1,734,1.62,1.03,1,SL,-0.3623456790123456,-59.99999999999999
2026-05-08,590,1,736,1.31,1.8,1,TIME,0.3740458015267176,47.7
2026-05-21,595,1,740,1.97,1.26,1,SL,-0.3601522842639594,-72.25
2026-05-28,610,1,751,1.02,3.7,1,TIME,2.627450980392157,266.7
2026-06-02,605,1,758,1.02,1.97,1,TIME,0.9313725490196079,93.7
2026-06-15,590,1,754,1.35,0.86,1,SL,-0.3648148148148148,-50.550000000000004
2026-06-16,600,-1,754,1.24,0.79,1,SL,-0.3661290322580645,-46.699999999999996
2026-06-17,600,-1,750,2.46,1.73,1,STOP,-0.2967479674796748,-74.3
2026-06-30,595,1,743,1.83,4.12,1,TIME,1.251366120218579,227.7
2026-07-06,625,1,750,0.84,1.18,2,TIME,0.40476190476190466,65.4
2026-07-07,595,-1,749,1.47,0.94,1,SL,-0.36360544217687074,-54.74999999999999
2026-07-08,640,-1,742,1.63,1.04,1,SL,-0.36226993865030677,-60.35
2026-07-10,635,-1,751,1.63,1.04,1,SL,-0.36226993865030677,-60.35
2026-07-13,620,-1,752,1.39,0.88,1,SL,-0.3643884892086331,-51.95
2026-07-14,635,1,752,1.41,0.9,1,SL,-0.36418439716312057,-52.64999999999999
2026-07-15,590,-1,754,1.53,0.97,1,SL,-0.36307189542483664,-56.849999999999994
2026-07-17,590,1,743,2.03,3.85,1,TIME,0.8965517241379313,180.70000000000002
2026-07-20,595,-1,746,1.35,0.86,1,SL,-0.3648148148148148,-50.550000000000004
2026-07-22,590,1,748,1.47,0.94,1,SL,-0.36360544217687074,-54.74999999999999
2026-07-24,590,1,740,1.13,0.76,1,STOP,-0.32743362831858414,-38.30000000000001
2026-07-29,595,-1,738,3.4,4.06,1,TIME,0.19411764705882373,64.70000000000006
2026-08-04,590,1,763,1.23,8.04,1,TIME,5.536585365853659,679.7
2026-08-05,630,-1,775,2.0,3.73,1,TIME,0.865,171.7
2026-08-07,605,-1,770,1.42,0.9,1,SL,-0.3640845070422536,-53.0
2026-08-10,605,1,774,0.9,0.57,2,SL,-0.3722222222222221,-69.6
2026-08-14,625,-1,778,1.17,2.23,1,TIME,0.9059829059829061,104.7
2026-08-17,600,-1,775,0.72,0.45,2,SL,-0.37777777777777777,-57.00000000000001
2026-08-18,670,-1,768,1.17,0.74,1,SL,-0.3670940170940171,-44.25
2026-08-19,590,-1,769,1.77,1.13,1,SL,-0.3612994350282486,-65.25
2026-08-21,595,-1,764,1.05,0.66,1,SL,-0.36904761904761896,-40.04999999999999
2026-08-25,600,-1,766,1.13,0.71,1,SL,-0.3676991150442477,-42.849999999999994
2026-08-28,610,-1,771,1.59,1.01,1,SL,-0.36257861635220123,-58.949999999999996
2026-09-01,610,1,763,1.01,0.64,1,SL,-0.3698019801980198,-38.64999999999999
2026-09-02,600,1,763,1.21,2.68,1,TIME,1.2148760330578514,145.70000000000002
2026-09-04,610,-1,772,1.35,1.68,1,TIME,0.24444444444444424,31.699999999999985
2026-09-09,620,-1,763,1.1,0.7,1,SL,-0.36818181818181817,-41.8
2026-09-10,595,-1,757,1.36,0.86,1,SL,-0.3647058823529411,-50.9
2026-09-14,590,1,760,1.41,0.9,1,SL,-0.36418439716312057,-52.64999999999999
2026-09-16,590,1,760,2.2,1.73,1,STOP,-0.21363636363636374,-48.30000000000002
2026-09-18,590,-1,760,0.96,1.05,2,TIME,0.09375,15.400000000000015
2026-09-21,590,1,767,0.83,5.22,2,TIME,5.289156626506024,875.4000000000001
2026-09-22,600,-1,774,1.2,0.76,1,SL,-0.3666666666666666,-45.29999999999999
2026-09-23,590,-1,771,1.01,4.23,1,TIME,3.1881188118811883,320.70000000000005
2026-10-06,590,1,779,1.22,1.23,1,TIME,0.008196721311475308,-0.29999999999999916
2026-10-08,590,1,775,1.47,0.94,1,SL,-0.36360544217687074,-54.74999999999999
