date,t,dir,strike,prem,exit,qty,why,ret,pnl,q
2024-10-09,615,1,574,1.01,3.31,3,TIME,2.277227722772277,686.0999999999999,2024Q4
2024-10-10,590,-1,575,1.52,1.12,2,SL,-0.26315789473684204,-82.59999999999998,2024Q4
2024-10-11,595,1,577,1.31,3.18,3,TIME,1.4274809160305342,557.1,2024Q4
2024-10-14,590,1,583,1.03,0.75,3,SL,-0.26941747572815544,-87.15000000000003,2024Q4
2024-10-15,600,-1,584,0.94,5.12,4,TIME,4.446808510638298,1666.8,2024Q4
2024-10-16,610,1,580,1.27,0.93,3,SL,-0.26574803149606296,-105.15,2024Q4
2024-10-17,610,-1,583,1.16,0.85,3,SL,-0.26724137931034486,-96.90000000000003,2024Q4
2024-10-18,690,1,584,0.88,0.64,4,SL,-0.2727272727272727,-101.2,2024Q4
2024-10-21,590,1,584,1.11,0.81,3,SL,-0.26801801801801806,-93.15000000000003,2024Q4
2024-10-22,595,1,581,1.29,0.95,3,SL,-0.2655038759689923,-106.65,2024Q4
2024-10-23,605,-1,581,1.2,0.88,3,SL,-0.2666666666666667,-99.90000000000003,2024Q4
2024-10-24,590,-1,579,1.36,1.0,2,SL,-0.26470588235294124,-74.60000000000001,2024Q4
2024-10-25,590,1,583,1.0,0.73,4,SL,-0.27,-113.2,2024Q4
2024-10-28,595,-1,581,0.97,0.71,4,SL,-0.27061855670103085,-110.19999999999999,2024Q4
2024-10-29,600,1,580,1.34,2.81,2,TIME,1.0970149253731343,291.4,2024Q4
2024-10-30,600,1,582,1.29,0.95,3,SL,-0.2655038759689923,-106.65,2024Q4
2024-10-31,590,-1,574,2.17,1.61,1,SL,-0.2592165898617511,-57.55,2024Q4
2024-11-01,590,1,573,1.49,1.1,2,SL,-0.2634228187919464,-81.10000000000001,2024Q4
2024-11-04,620,1,572,1.06,0.78,3,SL,-0.2688679245283019,-89.40000000000002,2024Q4
2024-11-05,590,1,574,0.83,1.98,4,TIME,1.3855421686746987,454.79999999999995,2024Q4
2024-11-06,590,-1,586,1.78,1.31,2,SL,-0.2612359550561798,-95.60000000000001,2024Q4
2024-11-07,600,1,594,1.6,1.18,2,SL,-0.26249999999999996,-86.59999999999998,2024Q4
2024-11-08,590,1,597,1.03,0.75,3,SL,-0.26941747572815544,-87.15000000000003,2024Q4
2024-11-11,590,-1,599,0.92,0.67,4,SL,-0.2717391304347826,-105.2,2024Q4
2024-11-12,605,-1,598,0.97,0.71,4,SL,-0.27061855670103085,-110.19999999999999,2024Q4
2024-11-13,590,-1,597,1.28,0.94,3,SL,-0.2656250000000001,-105.90000000000003,2024Q4
2024-11-14,620,-1,595,1.02,0.74,3,SL,-0.26960784313725494,-86.40000000000002,2024Q4
2024-11-15,600,-1,589,1.42,3.48,2,TIME,1.450704225352113,409.4,2024Q4
2024-11-18,605,1,587,0.95,0.69,4,SL,-0.27105263157894743,-108.20000000000003,2024Q4
2024-11-19,630,1,585,2.13,4.86,1,TIME,1.2816901408450705,271.70000000000005,2024Q4
2024-11-20,600,-1,587,1.94,1.44,2,SL,-0.2603092783505154,-103.59999999999997,2024Q4
2024-11-22,600,1,596,1.24,0.91,3,SL,-0.2661290322580646,-102.90000000000003,2024Q4
2024-11-25,610,-1,599,1.13,0.83,3,SL,-0.2676991150442477,-94.65,2024Q4
2024-11-26,620,-1,599,1.42,1.04,2,SL,-0.2640845070422535,-77.6,2024Q4
2024-11-27,615,-1,600,0.99,1.44,4,TIME,0.4545454545454546,174.79999999999998,2024Q4
2024-12-02,665,-1,603,0.9,0.66,4,SL,-0.27222222222222225,-103.2,2024Q4
2024-12-03,630,-1,603,1.08,0.79,3,SL,-0.2685185185185185,-90.90000000000002,2024Q4
2024-12-04,595,1,606,0.94,0.69,4,SL,-0.2712765957446809,-107.2,2024Q4
2024-12-05,605,1,608,0.78,0.56,5,SL,-0.27564102564102577,-114.00000000000003,2024Q4
2024-12-06,590,1,609,0.76,0.55,5,SL,-0.2763157894736842,-111.49999999999999,2024Q4
2024-12-09,620,-1,607,0.68,2.48,5,TIME,2.6470588235294117,893.4999999999999,2024Q4
2024-12-10,620,1,605,0.98,0.71,4,SL,-0.27040816326530615,-111.2,2024Q4
2024-12-11,590,1,606,1.0,1.84,4,TIME,0.8400000000000001,330.80000000000007,2024Q4
2024-12-12,595,-1,606,0.89,0.65,4,SL,-0.2724719101123596,-102.20000000000002,2024Q4
2024-12-13,605,-1,606,0.97,1.55,4,TIME,0.597938144329897,226.80000000000004,2024Q4
2024-12-16,605,1,607,0.53,0.38,7,SL,-0.28773584905660377,-115.85000000000001,2024Q4
2024-12-17,595,1,605,0.76,0.55,5,SL,-0.2763157894736842,-111.49999999999999,2024Q4
2024-12-18,595,1,605,1.4,1.03,2,SL,-0.26428571428571435,-76.60000000000002,2024Q4
2024-12-19,595,-1,590,2.19,1.62,1,SL,-0.2591324200913242,-58.04999999999998,2024Q4
2024-12-20,615,1,584,2.1,7.16,1,TIME,2.4095238095238094,504.70000000000005,2024Q4
2024-12-23,590,-1,590,2.0,1.48,2,SL,-0.26,-106.6,2024Q4
2024-12-26,595,-1,598,1.19,0.87,3,SL,-0.2668067226890757,-99.15,2024Q4
2024-12-27,605,-1,595,1.54,1.14,2,SL,-0.262987012987013,-83.6,2024Q4
2024-12-30,600,-1,585,1.8,1.33,2,SL,-0.26111111111111107,-96.6,2024Q4
2024-12-31,610,-1,588,1.85,1.37,2,SL,-0.2608108108108108,-99.09999999999998,2024Q4
2025-01-02,595,1,590,1.67,1.23,2,SL,-0.2619760479041916,-90.1,2025Q1
2025-01-03,665,1,590,1.09,0.8,3,SL,-0.268348623853211,-91.65,2025Q1
2025-01-06,590,1,598,1.3,0.96,3,SL,-0.26538461538461533,-107.4,2025Q1
2025-01-07,605,-1,594,1.69,1.25,2,SL,-0.26183431952662717,-91.09999999999997,2025Q1
2025-01-08,595,-1,587,1.9,1.4,2,SL,-0.2605263157894737,-101.60000000000002,2025Q1
2025-01-10,590,-1,583,2.23,1.65,1,SL,-0.2589686098654709,-59.05000000000001,2025Q1
2025-01-13,595,1,577,2.05,1.52,1,SL,-0.2597560975609756,-54.55,2025Q1
2025-01-14,595,-1,583,2.03,1.5,1,SL,-0.25985221674876846,-54.04999999999998,2025Q1
2025-01-15,590,1,592,1.75,1.29,2,SL,-0.26142857142857145,-94.1,2025Q1
2025-01-16,590,-1,592,1.42,1.04,2,SL,-0.2640845070422535,-77.6,2025Q1
2025-01-17,640,1,598,0.91,0.66,4,SL,-0.271978021978022,-104.20000000000003,2025Q1
2025-01-21,615,-1,599,1.46,1.07,2,SL,-0.26369863013698636,-79.6,2025Q1
2025-01-22,595,1,606,1.22,0.9,3,SL,-0.26639344262295084,-101.39999999999998,2025Q1
2025-01-23,645,1,607,0.59,0.99,6,TIME,0.6779661016949152,232.2,2025Q1
2025-01-24,590,1,610,1.3,0.96,3,SL,-0.26538461538461533,-107.4,2025Q1
2025-01-27,600,1,599,1.47,1.08,2,SL,-0.26360544217687076,-80.09999999999998,2025Q1
2025-01-28,590,-1,598,1.84,1.36,2,SL,-0.26086956521739124,-98.6,2025Q1
2025-01-29,610,1,604,1.98,1.46,2,SL,-0.26010101010101017,-105.60000000000002,2025Q1
2025-01-30,590,1,606,1.35,0.99,2,SL,-0.2648148148148147,-74.09999999999998,2025Q1
2025-01-31,600,1,608,1.36,1.0,2,SL,-0.26470588235294124,-74.60000000000001,2025Q1
2025-02-03,605,-1,591,1.81,1.34,2,SL,-0.26104972375690616,-97.10000000000002,2025Q1
2025-02-04,595,1,599,1.89,2.46,2,TIME,0.3015873015873014,111.39999999999998,2025Q1
2025-02-05,595,-1,600,1.49,1.1,2,SL,-0.2634228187919464,-81.10000000000001,2025Q1
2025-02-06,605,-1,605,1.46,1.07,2,SL,-0.26369863013698636,-79.6,2025Q1
2025-02-07,590,1,608,1.24,0.91,3,SL,-0.2661290322580646,-102.90000000000003,2025Q1
2025-02-10,605,1,604,1.27,0.93,3,SL,-0.26574803149606296,-105.15,2025Q1
2025-02-11,630,1,604,1.18,0.86,3,SL,-0.26694915254237284,-98.39999999999998,2025Q1
2025-02-12,590,1,601,1.63,1.2,2,SL,-0.2622699386503067,-88.1,2025Q1
2025-02-13,605,1,605,1.32,0.97,3,SL,-0.26515151515151525,-108.90000000000003,2025Q1
2025-02-14,605,1,611,0.94,0.69,4,SL,-0.2712765957446809,-107.2,2025Q1
2025-02-18,605,-1,610,1.17,0.86,3,SL,-0.26709401709401714,-97.65,2025Q1
2025-02-19,605,-1,610,1.12,0.82,3,SL,-0.2678571428571429,-93.90000000000002,2025Q1
2025-02-20,590,-1,610,0.92,0.67,4,SL,-0.2717391304347826,-105.2,2025Q1
2025-02-21,590,-1,609,1.45,8.26,2,TIME,4.696551724137931,1359.4,2025Q1
2025-02-24,590,-1,601,1.76,1.3,2,SL,-0.26136363636363635,-94.6,2025Q1
2025-02-25,590,-1,596,1.95,1.44,2,SL,-0.26025641025641033,-104.10000000000001,2025Q1
2025-02-26,590,1,597,2.39,1.77,1,SL,-0.2583682008368201,-63.05000000000001,2025Q1
2025-02-27,595,-1,594,2.41,1.79,1,SL,-0.25829875518672196,-63.550000000000004,2025Q1
2025-02-28,610,1,587,2.0,1.48,2,SL,-0.26,-106.6,2025Q1
2025-03-03,590,-1,594,2.06,1.52,1,SL,-0.2597087378640778,-54.80000000000001,2025Q1
2025-03-04,595,-1,577,2.9,2.15,1,SL,-0.25689655172413794,-75.80000000000001,2025Q1
2025-03-05,600,-1,577,3.6,2.68,1,SL,-0.25555555555555554,-93.3,2025Q1
2025-03-06,605,1,576,3.01,2.24,1,SL,-0.2566445182724252,-78.55,2025Q1
2025-03-07,590,1,575,3.42,2.54,1,SL,-0.2558479532163743,-88.8,2025Q1
2025-03-10,605,-1,566,2.98,2.21,1,SL,-0.25671140939597314,-77.80000000000001,2025Q1
2025-03-11,590,1,562,2.94,2.19,1,SL,-0.2568027210884354,-76.79999999999998,2025Q1
2025-03-12,595,-1,560,3.24,2.41,1,SL,-0.25617283950617287,-84.3,2025Q1
2025-03-13,590,-1,557,2.81,2.09,1,SL,-0.25711743772242,-73.55000000000001,2025Q1
2025-03-14,590,1,559,2.56,1.9,1,SL,-0.2578125,-67.30000000000001,2025Q1
2025-03-17,615,1,566,1.81,1.34,2,SL,-0.26104972375690616,-97.10000000000002,2025Q1
2025-03-18,595,-1,561,2.02,1.5,1,SL,-0.2599009900990099,-53.79999999999999,2025Q1
2025-03-19,590,1,563,2.79,2.07,1,SL,-0.25716845878136196,-73.04999999999998,2025Q1
2025-03-20,595,1,566,2.06,1.52,1,SL,-0.2597087378640778,-54.80000000000001,2025Q1
2025-03-21,655,1,560,1.97,1.46,2,SL,-0.2601522842639594,-105.09999999999998,2025Q1
2025-03-24,590,1,573,1.27,0.93,3,SL,-0.26574803149606296,-105.15,2025Q1
2025-03-25,590,-1,574,1.29,0.95,3,SL,-0.2655038759689923,-106.65,2025Q1
2025-03-26,595,-1,574,1.11,0.81,3,SL,-0.26801801801801806,-93.15000000000003,2025Q1
2025-03-27,595,1,568,1.72,1.27,2,SL,-0.2616279069767442,-92.59999999999998,2025Q1
2025-03-28,600,-1,564,2.07,8.82,1,TIME,3.2608695652173916,673.7,2025Q1
2025-03-31,610,1,551,2.56,1.9,1,SL,-0.2578125,-67.30000000000001,2025Q1
2025-04-01,590,1,558,2.39,1.77,1,SL,-0.2583682008368201,-63.05000000000001,2025Q2
2025-04-02,590,1,559,3.39,5.62,1,TIME,0.6578171091445428,221.7,2025Q2
2025-04-03,605,-1,543,3.04,2.26,1,SL,-0.256578947368421,-79.29999999999998,2025Q2
2025-04-04,615,-1,518,3.77,2.81,1,SL,-0.2553050397877984,-97.54999999999998,2025Q2
2025-04-07,595,1,492,6.98,5.21,1,SL,-0.252865329512894,-177.79999999999998,2025Q2
2025-04-08,600,1,523,4.26,3.17,1,SL,-0.25469483568075113,-109.8,2025Q2
2025-04-09,660,-1,493,5.6,4.18,1,SL,-0.25357142857142856,-143.3,2025Q2
2025-04-10,615,-1,528,5.18,3.86,1,SL,-0.25386100386100385,-132.8,2025Q2
2025-04-11,590,1,527,6.01,4.49,1,SL,-0.2533277870216305,-153.54999999999993,2025Q2
2025-04-14,690,-1,539,2.95,2.19,1,SL,-0.25677966101694905,-77.04999999999998,2025Q2
2025-04-15,595,1,542,2.72,2.02,1,SL,-0.2573529411764707,-71.30000000000001,2025Q2
2025-04-16,595,-1,530,2.67,1.98,1,SL,-0.25749063670411987,-70.05,2025Q2
2025-04-17,595,1,529,2.64,1.96,1,SL,-0.25757575757575757,-69.30000000000001,2025Q2
2025-04-21,595,-1,519,2.87,8.26,1,TIME,1.8780487804878048,537.7,2025Q2
2025-04-22,590,1,522,2.53,1.88,1,SL,-0.2579051383399209,-66.54999999999998,2025Q2
2025-04-23,690,-1,539,3.05,2.27,1,SL,-0.25655737704918036,-79.55000000000001,2025Q2
2025-04-24,590,1,538,3.12,7.2,1,TIME,1.3076923076923075,406.7,2025Q2
2025-04-25,590,-1,546,3.0,2.23,1,SL,-0.2566666666666667,-78.3,2025Q2
2025-04-28,600,-1,550,1.95,1.44,2,SL,-0.26025641025641033,-104.10000000000001,2025Q2
2025-04-29,590,1,551,2.12,1.57,1,SL,-0.25943396226415094,-56.300000000000004,2025Q2
2025-04-30,600,-1,542,2.94,2.19,1,SL,-0.2568027210884354,-76.79999999999998,2025Q2
2025-05-01,600,-1,559,2.52,1.87,1,SL,-0.2579365079365079,-66.29999999999998,2025Q2
2025-05-02,590,-1,564,2.34,1.73,1,SL,-0.2585470085470085,-61.8,2025Q2
2025-05-05,610,1,563,1.92,1.94,2,TIME,0.01041666666666674,1.4000000000000035,2025Q2
2025-05-06,595,-1,557,1.78,1.31,2,SL,-0.2612359550561798,-95.60000000000001,2025Q2
2025-05-07,600,1,561,2.64,1.96,1,SL,-0.25757575757575757,-69.30000000000001,2025Q2
2025-05-08,590,-1,564,2.41,1.79,1,SL,-0.25829875518672196,-63.550000000000004,2025Q2
2025-05-09,620,-1,566,1.71,1.26,2,SL,-0.26169590643274854,-92.1,2025Q2
2025-05-12,630,-1,578,1.66,1.22,2,SL,-0.2620481927710844,-89.60000000000001,2025Q2
2025-05-13,595,1,585,1.37,3.74,2,TIME,1.7299270072992696,471.3999999999999,2025Q2
2025-05-14,590,-1,587,1.69,1.25,2,SL,-0.26183431952662717,-91.09999999999997,2025Q2
2025-05-15,590,-1,585,1.38,1.02,2,SL,-0.26449275362318836,-75.6,2025Q2
2025-05-16,645,-1,589,1.14,0.84,3,SL,-0.26754385964912286,-95.40000000000002,2025Q2
2025-05-19,590,1,591,1.68,2.73,2,TIME,0.625,207.4,2025Q2
2025-05-20,590,-1,592,1.33,0.98,3,SL,-0.2650375939849624,-109.65,2025Q2
2025-05-21,590,1,590,1.58,1.17,2,SL,-0.2626582278481012,-85.6,2025Q2
2025-05-22,600,1,584,1.95,1.44,2,SL,-0.26025641025641033,-104.10000000000001,2025Q2
2025-05-23,615,1,578,2.17,1.61,1,SL,-0.2592165898617511,-57.55,2025Q2
2025-05-27,605,1,587,1.18,3.28,3,TIME,1.7796610169491527,626.0999999999999,2025Q2
2025-05-28,590,-1,591,1.8,1.33,2,SL,-0.26111111111111107,-96.6,2025Q2
2025-05-29,590,-1,590,1.8,1.33,2,SL,-0.26111111111111107,-96.6,2025Q2
2025-05-30,590,-1,587,1.78,1.31,2,SL,-0.2612359550561798,-95.60000000000001,2025Q2
2025-06-02,595,-1,587,1.57,1.16,2,SL,-0.2627388535031847,-85.10000000000001,2025Q2
2025-06-03,620,1,593,1.43,3.24,2,TIME,1.2657342657342658,359.3999999999999,2025Q2
2025-06-04,605,-1,597,1.49,1.1,2,SL,-0.2634228187919464,-81.10000000000001,2025Q2
2025-06-05,590,-1,595,1.73,1.28,2,SL,-0.2615606936416186,-93.10000000000002,2025Q2
2025-06-06,680,-1,598,1.34,0.99,2,SL,-0.2649253731343283,-73.6,2025Q2
2025-06-09,635,1,600,1.14,0.84,3,SL,-0.26754385964912286,-95.40000000000002,2025Q2
2025-06-10,620,1,601,1.19,0.87,3,SL,-0.2668067226890757,-99.15,2025Q2
2025-06-11,620,1,605,0.88,0.64,4,SL,-0.2727272727272727,-101.2,2025Q2
2025-06-12,590,1,601,1.32,2.17,3,TIME,0.6439393939393938,251.09999999999994,2025Q2
2025-06-13,600,-1,598,1.72,1.27,2,SL,-0.2616279069767442,-92.59999999999998,2025Q2
2025-06-16,590,1,602,1.29,0.95,3,SL,-0.2655038759689923,-106.65,2025Q2
2025-06-17,610,1,601,1.23,0.9,3,SL,-0.266260162601626,-102.15,2025Q2
2025-06-18,590,1,599,1.71,1.26,2,SL,-0.26169590643274854,-92.1,2025Q2
2025-06-20,600,-1,597,1.38,3.32,2,TIME,1.405797101449275,385.3999999999999,2025Q2
2025-06-23,590,1,596,1.46,1.07,2,SL,-0.26369863013698636,-79.6,2025Q2
2025-06-24,685,1,606,0.75,1.64,5,TIME,1.1866666666666665,438.49999999999994,2025Q2
2025-06-25,615,-1,607,0.91,0.66,4,SL,-0.271978021978022,-104.20000000000003,2025Q2
2025-06-26,590,-1,609,1.18,0.93,3,STOP,-0.211864406779661,-78.9,2025Q2
2025-06-27,590,1,614,0.95,0.69,4,SL,-0.27105263157894743,-108.20000000000003,2025Q2
2025-06-30,590,-1,616,1.33,0.98,3,SL,-0.2650375939849624,-109.65,2025Q2
2025-07-01,590,1,617,1.31,0.96,3,SL,-0.2652671755725191,-108.15,2025Q3
2025-07-02,605,1,618,0.83,1.93,4,TIME,1.3253012048192767,434.79999999999995,2025Q3
2025-07-07,615,-1,623,1.18,0.86,3,SL,-0.26694915254237284,-98.39999999999998,2025Q3
2025-07-08,605,-1,621,1.42,1.04,2,SL,-0.2640845070422535,-77.6,2025Q3
2025-07-09,590,1,625,0.87,0.63,4,SL,-0.2729885057471265,-100.20000000000002,2025Q3
2025-07-10,595,-1,623,0.85,0.62,4,SL,-0.2735294117647059,-98.20000000000002,2025Q3
2025-07-11,615,1,624,0.92,0.67,4,SL,-0.2717391304347826,-105.2,2025Q3
2025-07-14,625,1,624,0.66,0.47,6,SL,-0.2803030303030304,-118.80000000000004,2025Q3
2025-07-15,600,-1,626,1.36,1.0,2,SL,-0.26470588235294124,-74.60000000000001,2025Q3
2025-07-16,590,-1,623,1.35,0.99,2,SL,-0.2648148148148147,-74.09999999999998,2025Q3
2025-07-17,590,1,626,1.07,0.78,3,SL,-0.26869158878504684,-90.15000000000003,2025Q3
2025-07-18,605,-1,629,1.21,1.89,3,TIME,0.5619834710743801,200.1,2025Q3
2025-07-21,590,1,630,0.92,0.67,4,SL,-0.2717391304347826,-105.2,2025Q3
2025-07-22,590,-1,628,1.07,0.78,3,SL,-0.26869158878504684,-90.15000000000003,2025Q3
2025-07-23,590,-1,630,1.05,0.77,3,SL,-0.269047619047619,-88.64999999999999,2025Q3
2025-07-24,590,1,635,1.12,0.82,3,SL,-0.2678571428571429,-93.90000000000002,2025Q3
2025-07-25,620,1,636,0.61,0.44,6,SL,-0.2827868852459017,-111.3,2025Q3
2025-07-28,615,1,638,0.8,0.58,5,SL,-0.2749999999999999,-116.49999999999999,2025Q3
2025-07-29,590,-1,638,1.06,0.78,3,SL,-0.2688679245283019,-89.40000000000002,2025Q3
2025-07-30,620,1,636,1.53,1.13,2,SL,-0.26307189542483667,-83.10000000000001,2025Q3
2025-07-31,655,-1,637,1.31,0.96,3,SL,-0.2652671755725191,-108.15,2025Q3
2025-08-01,590,-1,621,2.2,1.63,1,SL,-0.25909090909090915,-58.300000000000004,2025Q3
2025-08-04,590,1,628,1.53,2.1,2,TIME,0.37254901960784315,111.40000000000002,2025Q3
2025-08-05,605,-1,631,1.36,1.0,2,SL,-0.26470588235294124,-74.60000000000001,2025Q3
2025-08-06,595,1,630,1.08,0.79,3,SL,-0.2685185185185185,-90.90000000000002,2025Q3
2025-08-07,595,-1,636,1.47,1.08,2,SL,-0.26360544217687076,-80.09999999999998,2025Q3
2025-08-08,590,1,635,1.36,1.0,2,SL,-0.26470588235294124,-74.60000000000001,2025Q3
2025-08-11,620,1,638,0.9,0.66,4,SL,-0.27222222222222225,-103.2,2025Q3
2025-08-12,590,-1,638,1.69,1.25,2,SL,-0.26183431952662717,-91.09999999999997,2025Q3
2025-08-13,590,1,646,0.89,0.65,4,SL,-0.2724719101123596,-102.20000000000002,2025Q3
2025-08-14,590,1,644,1.02,0.74,3,SL,-0.26960784313725494,-86.40000000000002,2025Q3
2025-08-15,590,-1,644,1.32,0.97,3,SL,-0.26515151515151525,-108.90000000000003,2025Q3
2025-08-18,600,-1,643,1.12,0.82,3,SL,-0.2678571428571429,-93.90000000000002,2025Q3
2025-08-19,605,1,644,0.9,0.66,4,SL,-0.27222222222222225,-103.2,2025Q3
2025-08-20,590,-1,637,1.19,0.87,3,SL,-0.2668067226890757,-99.15,2025Q3
2025-08-21,600,-1,635,1.47,1.08,2,SL,-0.26360544217687076,-80.09999999999998,2025Q3
2025-08-22,590,1,640,2.29,1.7,1,SL,-0.2587336244541485,-60.55,2025Q3
2025-08-25,610,1,644,1.1,0.81,3,SL,-0.2681818181818182,-92.40000000000002,2025Q3
2025-08-26,590,-1,642,1.19,0.87,3,SL,-0.2668067226890757,-99.15,2025Q3
2025-08-27,610,1,646,1.27,1.66,3,TIME,0.30708661417322825,113.09999999999997,2025Q3
2025-08-28,590,-1,647,1.44,1.06,2,SL,-0.26388888888888884,-78.59999999999997,2025Q3
2025-08-29,590,-1,646,1.26,1.63,3,TIME,0.2936507936507935,107.09999999999995,2025Q3
2025-09-02,590,1,638,1.5,1.1,2,SL,-0.2633333333333333,-81.6,2025Q3
2025-09-03,595,-1,642,1.0,0.73,4,SL,-0.27,-113.2,2025Q3
2025-09-04,605,-1,644,1.09,0.8,3,SL,-0.268348623853211,-91.65,2025Q3
2025-09-05,595,-1,651,1.1,4.28,3,TIME,2.8909090909090907,950.1,2025Q3
2025-09-08,620,-1,648,0.91,0.66,4,SL,-0.271978021978022,-104.20000000000003,2025Q3
2025-09-09,595,-1,649,1.27,0.93,3,SL,-0.26574803149606296,-105.15,2025Q3
2025-09-10,590,1,654,0.84,0.61,4,SL,-0.27380952380952384,-97.2,2025Q3
2025-09-11,595,1,655,1.16,3.03,3,TIME,1.6120689655172415,557.1,2025Q3
2025-09-12,600,1,658,0.88,0.64,4,SL,-0.2727272727272727,-101.2,2025Q3
2025-09-15,595,1,660,1.09,0.8,3,SL,-0.268348623853211,-91.65,2025Q3
2025-09-16,595,-1,660,0.84,0.61,4,SL,-0.27380952380952384,-97.2,2025Q3
2025-09-17,605,-1,660,2.45,1.82,1,SL,-0.25816326530612244,-64.55000000000001,2025Q3
2025-09-18,605,1,663,1.09,0.8,3,SL,-0.268348623853211,-91.65,2025Q3
2025-09-19,590,1,662,1.31,0.96,3,SL,-0.2652671755725191,-108.15,2025Q3
2025-09-22,590,1,663,0.78,4.04,5,TIME,4.17948717948718,1623.5,2025Q3
2025-09-23,625,-1,666,0.65,0.47,6,SL,-0.28076923076923077,-117.3,2025Q3
2025-09-24,590,-1,663,1.16,0.85,3,SL,-0.26724137931034486,-96.90000000000003,2025Q3
2025-09-25,615,1,658,1.37,1.01,2,SL,-0.2645985401459854,-75.10000000000001,2025Q3
2025-09-26,600,1,662,1.16,0.85,3,SL,-0.26724137931034486,-96.90000000000003,2025Q3
2025-09-29,610,1,665,0.92,0.67,4,SL,-0.2717391304347826,-105.2,2025Q3
2025-09-30,595,-1,662,1.22,0.9,3,SL,-0.26639344262295084,-101.39999999999998,2025Q3
2025-10-01,630,1,666,0.74,3.25,5,TIME,3.391891891891892,1248.4999999999998,2025Q4
2025-10-02,615,-1,669,1.22,0.9,3,SL,-0.26639344262295084,-101.39999999999998,2025Q4
2025-10-03,630,1,671,1.15,0.84,3,SL,-0.2673913043478261,-96.15,2025Q4
2025-10-06,600,-1,670,0.92,0.67,4,SL,-0.2717391304347826,-105.2,2025Q4
2025-10-07,605,-1,672,0.95,0.69,4,SL,-0.27105263157894743,-108.20000000000003,2025Q4
2025-10-08,605,1,671,1.17,1.84,3,TIME,0.5726495726495728,197.10000000000005,2025Q4
2025-10-09,595,-1,672,1.2,0.88,3,SL,-0.2666666666666667,-99.90000000000003,2025Q4
2025-10-10,660,-1,669,1.51,13.09,2,TIME,7.668874172185431,2313.4,2025Q4
2025-10-13,600,1,663,1.65,1.22,2,SL,-0.2621212121212122,-89.10000000000002,2025Q4
2025-10-14,605,1,658,1.85,6.32,2,TIME,2.4162162162162164,891.4000000000001,2025Q4
2025-10-15,600,1,668,1.76,1.3,2,SL,-0.26136363636363635,-94.6,2025Q4
2025-10-16,615,-1,666,2.06,1.52,1,SL,-0.2597087378640778,-54.80000000000001,2025Q4
2025-10-17,595,1,662,2.67,1.98,1,SL,-0.25749063670411987,-70.05,2025Q4
2025-10-20,590,1,669,1.49,1.1,2,SL,-0.2634228187919464,-81.10000000000001,2025Q4
2025-10-21,600,-1,671,1.57,1.16,2,SL,-0.2627388535031847,-85.10000000000001,2025Q4
2025-10-22,625,-1,670,1.11,2.37,3,TIME,1.135135135135135,374.1,2025Q4
2025-10-23,590,1,670,1.57,1.16,2,SL,-0.2627388535031847,-85.10000000000001,2025Q4
2025-10-24,610,1,678,1.05,0.77,3,SL,-0.269047619047619,-88.64999999999999,2025Q4
2025-10-27,605,1,683,1.18,0.86,3,SL,-0.26694915254237284,-98.39999999999998,2025Q4
2025-10-28,590,-1,686,1.35,0.99,2,SL,-0.2648148148148147,-74.09999999999998,2025Q4
2025-10-29,595,1,689,2.34,1.85,1,STOP,-0.20940170940170932,-50.299999999999976,2025Q4
2025-10-30,590,1,684,2.26,1.68,1,SL,-0.2588495575221238,-59.8,2025Q4
2025-10-31,605,-1,683,1.99,1.47,2,SL,-0.26005025125628145,-106.10000000000001,2025Q4
2025-11-03,595,-1,682,1.46,1.07,2,SL,-0.26369863013698636,-79.6,2025Q4
2025-11-04,595,1,678,1.92,1.42,2,SL,-0.26041666666666663,-102.6,2025Q4
2025-11-05,590,1,676,1.75,3.48,2,TIME,0.9885714285714287,343.4,2025Q4
2025-11-06,595,-1,675,1.9,2.46,2,TIME,0.2947368421052632,109.40000000000002,2025Q4
2025-11-07,645,-1,664,1.86,1.38,2,SL,-0.260752688172043,-99.60000000000001,2025Q4
2025-11-10,655,-1,677,1.35,0.99,2,SL,-0.2648148148148147,-74.09999999999998,2025Q4
2025-11-11,600,1,681,1.02,0.74,3,SL,-0.26960784313725494,-86.40000000000002,2025Q4
2025-11-12,590,-1,683,1.34,0.99,2,SL,-0.2649253731343283,-73.6,2025Q4
2025-11-13,645,-1,677,1.54,4.98,2,TIME,2.233766233766234,685.4000000000001,2025Q4
2025-11-14,590,1,668,2.54,4.85,1,TIME,0.909448818897638,229.70000000000005,2025Q4
2025-11-17,590,1,673,1.93,1.43,2,SL,-0.26036269430051806,-103.09999999999998,2025Q4
2025-11-18,595,-1,660,2.79,2.07,1,SL,-0.25716845878136196,-73.04999999999998,2025Q4
2025-11-19,590,1,664,2.21,1.64,1,SL,-0.2590497737556561,-58.55,2025Q4
2025-11-20,595,1,674,2.12,1.57,1,SL,-0.25943396226415094,-56.300000000000004,2025Q4
2025-11-21,605,-1,654,3.25,2.42,1,SL,-0.2561538461538462,-84.55,2025Q4
2025-11-24,590,-1,662,2.22,1.65,1,SL,-0.25900900900900903,-58.80000000000001,2025Q4
2025-11-25,590,-1,665,2.45,1.82,1,SL,-0.25816326530612244,-64.55000000000001,2025Q4
2025-11-26,590,1,679,1.62,1.2,2,SL,-0.26234567901234573,-87.60000000000001,2025Q4
2025-12-01,595,1,681,1.64,1.21,2,SL,-0.26219512195121963,-88.60000000000002,2025Q4
2025-12-02,595,-1,682,1.64,1.21,2,SL,-0.26219512195121963,-88.60000000000002,2025Q4
2025-12-03,605,1,682,1.56,1.15,2,SL,-0.2628205128205129,-84.60000000000002,2025Q4
2025-12-04,590,-1,683,1.4,1.03,2,SL,-0.26428571428571435,-76.60000000000002,2025Q4
2025-12-05,595,1,687,1.26,0.93,3,SL,-0.2658730158730158,-104.4,2025Q4
2025-12-08,610,-1,685,1.07,2.78,3,TIME,1.598130841121495,509.0999999999999,2025Q4
2025-12-09,595,1,684,1.38,1.02,2,SL,-0.26449275362318836,-75.6,2025Q4
2025-12-10,600,1,683,2.14,1.58,1,SL,-0.2593457943925235,-56.80000000000001,2025Q4
2025-12-11,590,-1,684,1.97,1.46,2,SL,-0.2601522842639594,-105.09999999999998,2025Q4
2025-12-12,590,-1,687,1.19,0.87,3,SL,-0.2668067226890757,-99.15,2025Q4
2025-12-15,595,-1,683,1.42,1.04,2,SL,-0.2640845070422535,-77.6,2025Q4
2025-12-16,600,1,681,1.58,1.17,2,SL,-0.2626582278481012,-85.6,2025Q4
2025-12-17,635,-1,678,1.64,5.56,2,TIME,2.3902439024390243,781.4000000000001,2025Q4
2025-12-18,630,1,679,1.47,1.08,2,SL,-0.26360544217687076,-80.09999999999998,2025Q4
2025-12-19,600,1,680,1.32,0.97,3,SL,-0.26515151515151525,-108.90000000000003,2025Q4
2025-12-22,640,-1,683,0.95,0.69,4,SL,-0.27105263157894743,-108.20000000000003,2025Q4
2025-12-23,590,1,686,0.82,0.59,4,SL,-0.27439024390243916,-95.20000000000003,2025Q4
2025-12-26,605,-1,690,0.79,0.57,5,SL,-0.27531645569620256,-115.25000000000001,2025Q4
2025-12-29,610,-1,687,0.98,0.71,4,SL,-0.27040816326530615,-111.2,2025Q4
2025-12-30,590,1,688,0.92,0.67,4,SL,-0.2717391304347826,-105.2,2025Q4
2025-12-31,590,-1,686,1.41,1.04,2,SL,-0.2641843971631206,-77.10000000000001,2025Q4
2026-01-02,595,1,686,1.2,0.88,3,SL,-0.2666666666666667,-99.90000000000003,2026Q1
2026-01-05,605,1,688,0.85,0.62,4,SL,-0.2735294117647059,-98.20000000000002,2026Q1
2026-01-06,590,1,689,1.03,0.75,3,SL,-0.26941747572815544,-87.15000000000003,2026Q1
2026-01-07,615,-1,692,1.16,0.85,3,SL,-0.26724137931034486,-96.90000000000003,2026Q1
2026-01-08,610,1,690,0.99,0.72,4,SL,-0.2702020202020202,-112.20000000000003,2026Q1
2026-01-09,610,-1,690,1.63,1.2,2,SL,-0.2622699386503067,-88.1,2026Q1
2026-01-12,595,1,693,1.27,0.93,3,SL,-0.26574803149606296,-105.15,2026Q1
2026-01-13,590,-1,695,1.26,0.93,3,SL,-0.2658730158730158,-104.4,2026Q1
2026-01-14,600,-1,689,2.04,1.51,1,SL,-0.2598039215686274,-54.3,2026Q1
2026-01-15,650,-1,693,1.01,0.74,3,SL,-0.2698019801980198,-85.64999999999999,2026Q1
2026-01-16,595,-1,693,1.25,0.92,3,SL,-0.266,-103.65,2026Q1
2026-01-20,610,-1,681,1.86,1.38,2,SL,-0.260752688172043,-99.60000000000001,2026Q1
2026-01-21,590,1,681,1.9,1.4,2,SL,-0.2605263157894737,-101.60000000000002,2026Q1
2026-01-22,590,-1,688,1.76,1.3,2,SL,-0.26136363636363635,-94.6,2026Q1
2026-01-23,600,1,689,1.13,0.83,3,SL,-0.2676991150442477,-94.65,2026Q1
2026-01-26,595,1,692,1.32,0.97,3,SL,-0.26515151515151525,-108.90000000000003,2026Q1
2026-01-27,590,1,694,1.28,2.07,3,TIME,0.6171874999999998,233.09999999999994,2026Q1
2026-01-28,610,-1,697,1.96,1.45,2,SL,-0.2602040816326531,-104.6,2026Q1
2026-01-29,595,-1,693,2.01,1.49,1,SL,-0.25995024875621886,-53.55,2026Q1
2026-01-30,680,-1,691,1.52,1.12,2,SL,-0.26315789473684204,-82.59999999999998,2026Q1
2026-02-02,590,1,693,1.47,2.73,2,TIME,0.8571428571428572,249.4,2026Q1
2026-02-03,600,-1,694,1.65,5.35,2,TIME,2.242424242424243,737.4000000000001,2026Q1
2026-02-04,600,-1,688,2.41,1.79,1,SL,-0.25829875518672196,-63.550000000000004,2026Q1
2026-02-05,615,-1,677,3.08,2.29,1,SL,-0.25649350649350655,-80.3,2026Q1
2026-02-06,630,1,686,1.77,1.31,2,SL,-0.2612994350282485,-95.09999999999998,2026Q1
2026-02-09,610,1,692,1.19,2.15,3,TIME,0.8067226890756303,284.1,2026Q1
2026-02-10,600,1,696,1.17,0.86,3,SL,-0.26709401709401714,-97.65,2026Q1
2026-02-11,595,-1,695,1.43,3.04,2,TIME,1.1258741258741258,319.4,2026Q1
2026-02-12,590,-1,693,1.44,1.06,2,SL,-0.26388888888888884,-78.59999999999997,2026Q1
2026-02-13,630,1,683,2.47,1.83,1,SL,-0.2580971659919029,-65.05000000000001,2026Q1
2026-02-17,595,-1,678,2.62,1.95,1,SL,-0.25763358778625955,-68.8,2026Q1
2026-02-18,600,1,686,1.95,1.44,2,SL,-0.26025641025641033,-104.10000000000001,2026Q1
2026-02-19,595,1,685,1.97,1.46,2,SL,-0.2601522842639594,-105.09999999999998,2026Q1
2026-02-20,605,1,687,2.17,1.61,1,SL,-0.2592165898617511,-57.55,2026Q1
2026-02-23,590,-1,687,1.98,1.46,2,SL,-0.26010101010101017,-105.60000000000002,2026Q1
2026-02-24,590,1,685,1.8,1.33,2,SL,-0.26111111111111107,-96.6,2026Q1
2026-02-25,590,1,692,1.49,1.1,2,SL,-0.2634228187919464,-81.10000000000001,2026Q1
2026-02-26,600,-1,691,1.99,1.47,2,SL,-0.26005025125628145,-106.10000000000001,2026Q1
2026-02-27,610,1,685,1.8,1.33,2,SL,-0.26111111111111107,-96.6,2026Q1
2026-03-02,590,1,683,2.29,1.7,1,SL,-0.2587336244541485,-60.55,2026Q1
2026-03-03,590,-1,672,2.69,2.0,1,SL,-0.25743494423791813,-70.54999999999998,2026Q1
2026-03-04,620,1,684,2.16,1.6,1,SL,-0.2592592592592593,-57.300000000000004,2026Q1
2026-03-05,600,1,685,1.87,1.38,2,SL,-0.26069518716577544,-100.10000000000001,2026Q1
2026-03-06,630,1,674,2.54,1.89,1,SL,-0.2578740157480315,-66.8,2026Q1
2026-03-09,595,-1,663,2.76,2.05,1,SL,-0.2572463768115941,-72.3,2026Q1
2026-03-10,610,-1,675,2.4,1.78,1,SL,-0.2583333333333334,-63.30000000000001,2026Q1
2026-03-11,590,-1,677,2.51,1.86,1,SL,-0.25796812749003983,-66.05,2026Q1
2026-03-12,595,-1,669,2.52,1.87,1,SL,-0.2579365079365079,-66.29999999999998,2026Q1
2026-03-13,615,-1,669,2.34,1.73,1,SL,-0.2585470085470085,-61.8,2026Q1
2026-03-16,590,1,670,1.86,1.38,2,SL,-0.260752688172043,-99.60000000000001,2026Q1
2026-03-17,590,1,674,1.7,1.25,2,SL,-0.261764705882353,-91.60000000000001,2026Q1
2026-03-18,615,-1,667,2.23,1.65,1,SL,-0.2589686098654709,-59.05000000000001,2026Q1
2026-03-19,590,1,658,2.32,1.72,1,SL,-0.2586206896551725,-61.300000000000004,2026Q1
2026-03-20,595,-1,655,2.38,8.78,1,TIME,2.6890756302521015,638.7000000000002,2026Q1
2026-03-23,595,1,660,2.2,1.63,1,SL,-0.25909090909090915,-58.300000000000004,2026Q1
2026-03-24,610,1,653,2.27,1.68,1,SL,-0.2588105726872246,-60.04999999999999,2026Q1
2026-03-25,590,-1,658,2.37,1.76,1,SL,-0.25843881856540085,-62.550000000000004,2026Q1
2026-03-26,590,1,653,2.38,1.76,1,SL,-0.2584033613445378,-62.8,2026Q1
2026-03-27,600,-1,639,2.31,1.71,1,SL,-0.2586580086580087,-61.05000000000001,2026Q1
2026-03-30,590,-1,636,2.44,1.81,1,SL,-0.2581967213114754,-64.29999999999998,2026Q1
2026-03-31,590,1,642,2.26,1.68,1,SL,-0.2588495575221238,-59.8,2026Q1
2026-04-01,590,-1,653,2.06,1.52,1,SL,-0.2597087378640778,-54.80000000000001,2026Q2
2026-04-02,595,1,649,2.22,5.15,1,TIME,1.3198198198198199,291.7,2026Q2
2026-04-06,600,1,658,1.97,1.46,2,SL,-0.2601522842639594,-105.09999999999998,2026Q2
2026-04-07,590,-1,655,2.34,1.73,1,SL,-0.2585470085470085,-61.8,2026Q2
2026-04-08,595,-1,674,1.91,1.41,2,SL,-0.2604712041884817,-102.10000000000001,2026Q2
2026-04-09,620,-1,674,1.11,0.81,3,SL,-0.26801801801801806,-93.15000000000003,2026Q2
2026-04-10,685,1,682,0.97,0.71,4,SL,-0.27061855670103085,-110.19999999999999,2026Q2
2026-04-13,590,1,679,1.57,1.16,2,SL,-0.2627388535031847,-85.10000000000001,2026Q2
2026-04-14,610,1,690,1.34,3.94,2,TIME,1.9402985074626864,517.3999999999999,2026Q2
2026-04-15,625,1,697,0.93,0.68,4,SL,-0.2715053763440861,-106.20000000000003,2026Q2
2026-04-16,595,-1,699,1.7,1.25,2,SL,-0.261764705882353,-91.60000000000001,2026Q2
2026-04-17,595,1,708,1.41,1.83,2,TIME,0.2978723404255321,81.40000000000003,2026Q2
2026-04-20,600,1,710,1.24,0.91,3,SL,-0.2661290322580646,-102.90000000000003,2026Q2
2026-04-21,595,1,711,1.21,0.89,3,SL,-0.26652892561983477,-100.65,2026Q2
2026-04-22,600,1,709,1.66,1.22,2,SL,-0.2620481927710844,-89.60000000000001,2026Q2
2026-04-23,590,1,711,1.39,1.02,2,SL,-0.2643884892086332,-76.10000000000002,2026Q2
2026-04-24,595,-1,710,1.89,1.4,2,SL,-0.2605820105820107,-101.10000000000002,2026Q2
2026-04-27,680,-1,713,1.16,0.85,3,SL,-0.26724137931034486,-96.90000000000003,2026Q2
2026-04-28,640,-1,710,1.34,0.99,2,SL,-0.2649253731343283,-73.6,2026Q2
2026-04-29,625,1,711,2.44,1.81,1,SL,-0.2581967213114754,-64.29999999999998,2026Q2
2026-04-30,600,-1,711,1.86,1.38,2,SL,-0.260752688172043,-99.60000000000001,2026Q2
2026-05-01,600,1,724,1.25,0.92,3,SL,-0.266,-103.65,2026Q2
2026-05-04,590,1,720,1.5,1.1,2,SL,-0.2633333333333333,-81.6,2026Q2
2026-05-05,600,1,723,0.98,0.71,4,SL,-0.27040816326530615,-111.2,2026Q2
2026-05-06,595,1,730,1.09,0.8,3,SL,-0.268348623853211,-91.65,2026Q2
2026-05-07,590,-1,734,1.62,1.2,2,SL,-0.26234567901234573,-87.60000000000001,2026Q2
2026-05-08,590,1,736,1.31,0.96,3,SL,-0.2652671755725191,-108.15,2026Q2
2026-05-11,590,1,739,1.07,0.78,3,SL,-0.26869158878504684,-90.15000000000003,2026Q2
2026-05-12,600,-1,735,1.47,1.08,2,SL,-0.26360544217687076,-80.09999999999998,2026Q2
2026-05-13,590,-1,736,1.57,1.16,2,SL,-0.2627388535031847,-85.10000000000001,2026Q2
2026-05-14,590,1,746,1.42,1.04,2,SL,-0.2640845070422535,-77.6,2026Q2
2026-05-15,620,1,742,1.85,1.37,2,SL,-0.2608108108108108,-99.09999999999998,2026Q2
2026-05-18,595,1,741,1.49,1.1,2,SL,-0.2634228187919464,-81.10000000000001,2026Q2
2026-05-19,595,1,736,1.84,1.36,2,SL,-0.26086956521739124,-98.6,2026Q2
2026-05-20,620,1,737,2.26,4.05,1,TIME,0.7920353982300887,177.70000000000005,2026Q2
2026-05-21,595,1,740,1.97,1.46,2,SL,-0.2601522842639594,-105.09999999999998,2026Q2
2026-05-22,615,-1,746,2.02,1.5,1,SL,-0.2599009900990099,-53.79999999999999,2026Q2
2026-05-26,590,1,751,1.4,1.03,2,SL,-0.26428571428571435,-76.60000000000002,2026Q2
2026-05-27,680,-1,749,1.18,0.86,3,SL,-0.26694915254237284,-98.39999999999998,2026Q2
2026-05-28,610,1,751,1.02,3.93,3,TIME,2.8529411764705883,869.1,2026Q2
2026-05-29,590,1,758,1.14,0.84,3,SL,-0.26754385964912286,-95.40000000000002,2026Q2
2026-06-01,695,1,757,0.95,0.69,4,SL,-0.27105263157894743,-108.20000000000003,2026Q2
2026-06-02,605,1,758,1.02,1.41,3,TIME,0.38235294117647056,113.09999999999997,2026Q2
2026-06-03,590,-1,755,1.79,1.32,2,SL,-0.2611731843575419,-96.1,2026Q2
2026-06-04,625,1,754,1.35,0.99,2,SL,-0.2648148148148147,-74.09999999999998,2026Q2
2026-06-05,590,-1,749,1.53,1.13,2,SL,-0.26307189542483667,-83.10000000000001,2026Q2
2026-06-08,600,-1,741,2.5,1.85,1,SL,-0.258,-65.8,2026Q2
2026-06-09,590,1,747,1.41,1.04,2,SL,-0.2641843971631206,-77.10000000000001,2026Q2
2026-06-10,590,1,737,2.79,2.07,1,SL,-0.25716845878136196,-73.04999999999998,2026Q2
2026-06-11,595,1,731,2.87,2.13,1,SL,-0.25696864111498263,-75.05000000000003,2026Q2
2026-06-12,590,-1,736,3.43,2.55,1,SL,-0.25583090379008744,-89.05,2026Q2
2026-06-15,590,1,754,1.35,0.99,2,SL,-0.2648148148148147,-74.09999999999998,2026Q2
2026-06-16,600,-1,754,1.24,0.91,3,SL,-0.2661290322580646,-102.90000000000003,2026Q2
2026-06-17,600,-1,750,2.46,1.82,1,SL,-0.25813008130081305,-64.8,2026Q2
2026-06-22,600,1,750,1.24,0.91,3,SL,-0.2661290322580646,-102.90000000000003,2026Q2
2026-06-23,590,1,736,2.55,1.89,1,SL,-0.25784313725490193,-67.05,2026Q2
2026-06-24,595,1,737,2.29,1.7,1,SL,-0.2587336244541485,-60.55,2026Q2
2026-06-25,590,-1,733,2.73,2.03,1,SL,-0.2573260073260074,-71.55000000000001,2026Q2
2026-06-26,600,1,731,2.12,1.57,1,SL,-0.25943396226415094,-56.300000000000004,2026Q2
2026-06-29,610,-1,735,2.01,1.49,1,SL,-0.25995024875621886,-53.55,2026Q2
2026-06-30,595,1,743,1.83,4.18,2,TIME,1.2841530054644812,467.4000000000001,2026Q2
2026-07-01,600,1,745,1.61,2.15,2,TIME,0.3354037267080745,105.39999999999996,2026Q3
2026-07-02,590,1,750,1.69,1.25,2,SL,-0.26183431952662717,-91.09999999999997,2026Q3
2026-07-06,625,1,750,0.84,0.61,4,SL,-0.27380952380952384,-97.2,2026Q3
2026-07-07,595,-1,749,1.47,1.08,2,SL,-0.26360544217687076,-80.09999999999998,2026Q3
2026-07-08,640,-1,742,1.63,1.2,2,SL,-0.2622699386503067,-88.1,2026Q3
2026-07-09,595,1,749,1.47,1.08,2,SL,-0.26360544217687076,-80.09999999999998,2026Q3
2026-07-10,635,-1,751,1.63,1.2,2,SL,-0.2622699386503067,-88.1,2026Q3
2026-07-13,620,-1,752,1.39,1.02,2,SL,-0.2643884892086332,-76.10000000000002,2026Q3
2026-07-14,635,1,752,1.41,1.04,2,SL,-0.2641843971631206,-77.10000000000001,2026Q3
2026-07-15,590,-1,754,1.53,1.13,2,SL,-0.26307189542483667,-83.10000000000001,2026Q3
2026-07-16,590,-1,751,1.57,1.16,2,SL,-0.2627388535031847,-85.10000000000001,2026Q3
2026-07-17,590,1,743,2.03,1.5,1,SL,-0.25985221674876846,-54.04999999999998,2026Q3
2026-07-20,595,-1,746,1.35,0.99,2,SL,-0.2648148148148147,-74.09999999999998,2026Q3
2026-07-21,630,1,747,1.12,0.82,3,SL,-0.2678571428571429,-93.90000000000002,2026Q3
2026-07-22,590,1,748,1.47,1.08,2,SL,-0.26360544217687076,-80.09999999999998,2026Q3
2026-07-23,655,-1,738,1.66,1.22,2,SL,-0.2620481927710844,-89.60000000000001,2026Q3
2026-07-24,590,1,740,1.13,0.83,3,SL,-0.2676991150442477,-94.65,2026Q3
2026-07-27,600,-1,742,1.8,2.45,2,TIME,0.36111111111111116,127.40000000000003,2026Q3
2026-07-28,600,-1,736,1.74,1.28,2,SL,-0.2614942528735633,-93.60000000000001,2026Q3
2026-07-29,595,-1,738,3.4,2.53,1,SL,-0.25588235294117656,-88.30000000000001,2026Q3
2026-07-30,590,1,737,2.41,1.79,1,SL,-0.25829875518672196,-63.550000000000004,2026Q3
2026-07-31,590,-1,742,2.09,1.55,1,SL,-0.25956937799043067,-55.55,2026Q3
2026-08-03,595,1,753,1.07,5.23,3,TIME,3.88785046728972,1244.1,2026Q3
2026-08-04,590,1,763,1.23,9.49,3,TIME,6.715447154471545,2474.1,2026Q3
2026-08-05,630,-1,775,2.0,3.41,2,TIME,0.7050000000000001,279.4,2026Q3
2026-08-06,590,1,771,1.83,1.35,2,SL,-0.2609289617486339,-98.1,2026Q3
2026-08-07,605,-1,770,1.42,1.04,2,SL,-0.2640845070422535,-77.6,2026Q3
2026-08-10,605,1,774,0.9,0.66,4,SL,-0.27222222222222225,-103.2,2026Q3
2026-08-11,590,-1,773,1.29,0.95,3,SL,-0.2655038759689923,-106.65,2026Q3
2026-08-12,605,-1,772,1.43,1.05,2,SL,-0.26398601398601396,-78.09999999999998,2026Q3
2026-08-13,590,1,777,1.06,0.78,3,SL,-0.2688679245283019,-89.40000000000002,2026Q3
2026-08-14,625,-1,778,1.17,1.75,3,TIME,0.49572649572649574,170.10000000000002,2026Q3
2026-08-17,600,-1,775,0.72,0.52,5,SL,-0.2777777777777777,-106.49999999999999,2026Q3
2026-08-18,670,-1,768,1.17,0.86,3,SL,-0.26709401709401714,-97.65,2026Q3
2026-08-19,590,-1,769,1.77,1.31,2,SL,-0.2612994350282485,-95.09999999999998,2026Q3
2026-08-20,620,-1,765,1.14,0.84,3,SL,-0.26754385964912286,-95.40000000000002,2026Q3
2026-08-21,595,-1,764,1.05,0.77,3,SL,-0.269047619047619,-88.64999999999999,2026Q3
2026-08-24,725,1,765,0.77,0.56,5,SL,-0.275974025974026,-112.75000000000001,2026Q3
2026-08-25,600,-1,766,1.13,0.83,3,SL,-0.2676991150442477,-94.65,2026Q3
2026-08-26,600,1,767,1.43,1.05,2,SL,-0.26398601398601396,-78.09999999999998,2026Q3
2026-08-27,625,1,769,1.44,1.06,2,SL,-0.26388888888888884,-78.59999999999997,2026Q3
2026-08-28,610,-1,771,1.59,1.17,2,SL,-0.26257861635220126,-86.1,2026Q3
2026-08-31,610,-1,765,0.95,0.69,4,SL,-0.27105263157894743,-108.20000000000003,2026Q3
2026-09-01,610,1,763,1.01,0.74,3,SL,-0.2698019801980198,-85.64999999999999,2026Q3
2026-09-02,600,1,763,1.21,2.36,3,TIME,0.9504132231404958,341.09999999999997,2026Q3
2026-09-03,610,-1,768,1.26,0.93,3,SL,-0.2658730158730158,-104.4,2026Q3
2026-09-04,610,-1,772,1.35,2.02,2,TIME,0.49629629629629624,131.4,2026Q3
2026-09-08,605,-1,767,1.1,0.81,3,SL,-0.2681818181818182,-92.40000000000002,2026Q3
2026-09-09,620,-1,763,1.1,0.81,3,SL,-0.2681818181818182,-92.40000000000002,2026Q3
2026-09-10,595,-1,757,1.36,1.0,2,SL,-0.26470588235294124,-74.60000000000001,2026Q3
2026-09-11,600,1,766,1.45,1.07,2,SL,-0.2637931034482759,-79.10000000000001,2026Q3
2026-09-14,590,1,760,1.41,1.04,2,SL,-0.2641843971631206,-77.10000000000001,2026Q3
2026-09-15,610,-1,758,0.9,0.66,4,SL,-0.27222222222222225,-103.2,2026Q3
2026-09-16,590,1,760,2.2,1.73,1,STOP,-0.21363636363636374,-48.30000000000002,2026Q3
2026-09-17,610,-1,760,1.23,0.9,3,SL,-0.266260162601626,-102.15,2026Q3
2026-09-18,590,-1,760,0.96,0.7,4,SL,-0.27083333333333337,-109.2,2026Q3
2026-09-21,590,1,767,0.83,7.45,4,TIME,7.975903614457831,2642.8,2026Q3
2026-09-22,600,-1,774,1.2,0.88,3,SL,-0.2666666666666667,-99.90000000000003,2026Q3
2026-09-23,590,-1,771,1.01,2.99,3,TIME,1.9603960396039604,590.0999999999999,2026Q3
2026-09-24,600,1,765,1.56,1.15,2,SL,-0.2628205128205129,-84.60000000000002,2026Q3
2026-09-25,595,1,770,1.29,0.95,3,SL,-0.2655038759689923,-106.65,2026Q3
2026-09-28,640,-1,766,1.0,0.73,4,SL,-0.27,-113.2,2026Q3
2026-09-29,600,-1,765,1.62,1.2,2,SL,-0.26234567901234573,-87.60000000000001,2026Q3
2026-09-30,595,1,767,1.67,1.23,2,SL,-0.2619760479041916,-90.1,2026Q3
2026-10-01,590,-1,763,1.72,1.27,2,SL,-0.2616279069767442,-92.59999999999998,2026Q4
2026-10-02,620,1,772,1.41,1.04,2,SL,-0.2641843971631206,-77.10000000000001,2026Q4
2026-10-05,610,1,772,1.01,3.78,3,TIME,2.7425742574257423,827.0999999999998,2026Q4
2026-10-06,590,1,779,1.22,0.9,3,SL,-0.26639344262295084,-101.39999999999998,2026Q4
2026-10-07,645,-1,774,1.22,0.9,3,SL,-0.26639344262295084,-101.39999999999998,2026Q4
2026-10-08,590,1,775,1.47,1.08,2,SL,-0.26360544217687076,-80.09999999999998,2026Q4
2026-10-09,655,1,777,0.91,0.66,4,SL,-0.271978021978022,-104.20000000000003,2026Q4
