strategy,date,entry_time,type,strike,entry,exit,qty,reason,ret_pct,pnl,equity
A_VWAP_EMA,2025-10-09,11:25,Put,671,2.49,2.84,1,TP,14.2,34.01,4034.01
A_VWAP_EMA,2025-10-09,12:20,Put,671,2.24,2.55,1,TP,14.11,30.23,4064.24
A_VWAP_EMA,2025-10-14,11:05,Call,661,2.63,3.0,1,TP,14.24,36.16,4100.39
A_VWAP_EMA,2025-10-17,10:05,Call,661,4.06,4.65,1,TP,14.51,57.66,4158.05
A_VWAP_EMA,2025-10-17,10:50,Call,661,3.9,3.63,1,VWAP,-6.78,-27.7,4130.34
A_VWAP_EMA,2025-10-20,10:05,Call,669,3.54,4.05,1,TP,14.44,49.8,4180.15
A_VWAP_EMA,2025-10-20,12:30,Call,671,2.52,1.87,1,SL,-25.79,-66.36,4113.78
A_VWAP_EMA,2025-10-22,10:10,Put,671,2.71,3.09,1,TP,14.26,37.32,4151.1
A_VWAP_EMA,2025-10-22,10:30,Put,669,2.52,2.88,1,TP,14.21,34.54,4185.64
A_VWAP_EMA,2025-10-23,10:25,Call,669,3.2,2.9,1,VWAP,-9.33,-31.15,4154.49
A_VWAP_EMA,2025-10-24,10:05,Call,677,3.09,2.62,1,VWAP,-15.12,-48.02,4106.47
A_VWAP_EMA,2025-10-28,10:30,Call,686,2.63,2.52,1,VWAP,-4.12,-12.14,4094.33
A_VWAP_EMA,2025-10-31,10:35,Call,684,2.51,2.87,1,TP,14.2,34.37,4128.7
A_VWAP_EMA,2025-10-31,11:15,Call,684,2.67,2.31,1,VWAP,-13.54,-37.44,4091.26
A_VWAP_EMA,2025-11-03,10:05,Put,682,2.77,3.17,1,TP,14.28,38.27,4129.53
A_VWAP_EMA,2025-11-03,10:50,Put,682,2.88,2.14,1,SL,-25.7,-75.18,4054.35
A_VWAP_EMA,2025-11-04,11:50,Put,678,2.52,2.12,1,VWAP,-15.71,-40.81,4013.54
A_VWAP_EMA,2025-11-10,10:05,Call,679,3.04,2.74,1,VWAP,-9.98,-31.68,3981.86
A_VWAP_EMA,2025-11-13,10:05,Put,678,2.73,2.03,1,SL,-25.73,-71.67,3910.19
A_VWAP_EMA,2025-11-14,13:15,Call,674,2.38,1.76,1,SL,-25.84,-62.8,3847.39
A_VWAP_EMA,2025-11-18,10:30,Put,659,3.35,3.83,1,TP,14.4,46.89,3894.28
A_VWAP_EMA,2025-11-18,12:30,Put,659,2.91,2.16,1,SL,-25.69,-76.02,3818.26
A_VWAP_EMA,2025-11-19,12:05,Put,661,3.13,3.58,1,TP,14.36,43.69,3861.95
A_VWAP_EMA,2025-11-19,12:50,Put,661,3.1,2.31,1,SL,-25.64,-80.83,3781.12
A_VWAP_EMA,2025-11-20,10:20,Call,674,3.82,4.38,1,TP,14.48,54.05,3835.17
A_VWAP_EMA,2025-11-20,13:25,Put,659,2.43,2.77,1,TP,14.18,33.15,3868.32
A_VWAP_EMA,2025-11-24,10:05,Call,665,3.91,4.47,1,TP,14.49,55.29,3923.61
A_VWAP_EMA,2025-11-24,12:20,Call,668,3.02,3.45,1,TP,14.34,41.99,3965.6
A_VWAP_EMA,2025-12-05,10:50,Call,688,2.48,1.84,1,SL,-25.81,-65.19,3900.41
A_VWAP_EMA,2025-12-08,10:10,Put,685,2.37,2.7,1,TP,14.16,32.22,3932.63
A_VWAP_EMA,2025-12-08,10:40,Put,685,2.53,2.89,1,TP,14.21,34.71,3967.35
A_VWAP_EMA,2025-12-09,10:05,Call,685,2.59,2.06,1,VWAP,-20.58,-54.55,3912.79
A_VWAP_EMA,2025-12-10,10:35,Put,682,2.41,2.0,1,VWAP,-17.04,-42.33,3870.46
A_VWAP_EMA,2025-12-12,10:05,Put,687,2.57,2.93,1,TP,14.22,35.21,3905.66
A_VWAP_EMA,2025-12-12,12:30,Put,681,1.65,1.22,2,SL,-26.21,-88.95,3816.72
A_VWAP_EMA,2025-12-15,10:15,Put,681,2.34,2.67,1,TP,14.15,31.83,3848.55
A_VWAP_EMA,2025-12-15,10:40,Put,680,2.18,1.61,1,SL,-25.92,-57.77,3790.78
A_VWAP_EMA,2025-12-16,10:10,Put,680,2.81,3.22,1,TP,14.29,38.9,3829.68
A_VWAP_EMA,2025-12-16,11:10,Put,678,2.29,2.61,1,TP,14.13,31.02,3860.7
A_VWAP_EMA,2025-12-19,10:35,Call,680,2.46,2.0,1,VWAP,-18.9,-47.9,3812.8
A_VWAP_EMA,2025-12-23,10:20,Call,685,2.47,2.81,1,TP,14.19,33.68,3846.48
A_VWAP_EMA,2025-12-23,11:40,Call,686,2.3,1.99,1,TIME,-13.57,-32.54,3813.94
A_VWAP_EMA,2025-12-24,10:05,Call,689,2.22,2.54,1,TP,14.1,30.05,3844.0
A_VWAP_EMA,2025-12-24,12:30,Call,691,1.61,0.0,2,EOD,-100.0,-324.14,3519.86
A_VWAP_EMA,2025-12-26,10:30,Call,691,2.08,1.99,1,VWAP,-4.26,-10.18,3509.68
A_VWAP_EMA,2025-12-29,10:05,Put,687,2.04,1.72,1,VWAP,-15.62,-33.13,3476.55
A_VWAP_EMA,2025-12-30,10:10,Put,688,2.54,2.9,1,TP,14.21,34.81,3511.36
A_VWAP_EMA,2025-12-30,11:15,Call,688,2.05,2.34,1,TP,14.03,27.51,3538.87
A_VWAP_EMA,2025-12-31,10:05,Put,686,2.46,2.81,1,TP,14.19,33.57,3572.44
A_VWAP_EMA,2025-12-31,10:35,Put,685,2.04,2.33,1,TP,14.02,27.3,3599.74
A_VWAP_EMA,2026-01-02,10:50,Put,683,2.11,2.4,1,TP,14.05,28.29,3628.03
A_VWAP_EMA,2026-01-02,11:40,Put,682,2.14,2.44,1,TP,14.06,28.74,3656.77
A_VWAP_EMA,2026-01-06,11:30,Put,689,2.1,1.77,1,VWAP,-16.1,-35.19,3621.58
A_VWAP_EMA,2026-01-12,11:10,Call,694,2.28,1.69,1,SL,-25.88,-60.2,3561.38
A_VWAP_EMA,2026-01-13,10:45,Put,693,2.3,1.71,1,SL,-25.87,-60.82,3500.57
A_VWAP_EMA,2026-01-16,10:15,Put,692,2.43,2.78,1,TP,14.18,33.18,3533.74
A_VWAP_EMA,2026-01-16,11:30,Call,693,2.21,1.64,1,SL,-25.9,-58.66,3475.09
A_VWAP_EMA,2026-01-20,10:05,Put,682,2.62,2.99,1,TP,14.24,35.98,3511.07
A_VWAP_EMA,2026-01-20,10:20,Put,681,2.37,1.76,1,SL,-25.84,-62.6,3448.47
A_VWAP_EMA,2026-01-21,13:05,Put,679,2.38,1.76,1,SL,-25.84,-62.73,3385.74
A_VWAP_EMA,2026-01-22,10:35,Call,689,2.66,2.41,1,VWAP,-9.63,-26.92,3358.81
A_VWAP_EMA,2026-01-26,10:15,Call,693,2.5,1.85,1,SL,-25.8,-65.71,3293.1
A_VWAP_EMA,2026-01-27,10:10,Call,695,2.87,2.13,1,SL,-25.7,-75.07,3218.04
A_VWAP_EMA,2026-01-29,12:15,Call,691,2.01,2.29,1,TP,14.0,26.8,3244.84
A_VWAP_EMA,2026-01-29,13:10,Call,690,2.07,2.36,1,TP,14.03,27.77,3272.61
A_VWAP_EMA,2026-02-02,10:05,Call,694,2.86,3.27,1,TP,14.3,39.55,3312.16
A_VWAP_EMA,2026-02-02,11:10,Call,695,2.6,2.97,1,TP,14.23,35.66,3347.82
A_VWAP_EMA,2026-02-03,11:05,Put,692,2.3,2.62,1,TP,14.13,31.13,3378.96
A_VWAP_EMA,2026-02-05,10:05,Put,679,2.82,3.22,1,TP,14.29,38.96,3417.92
A_VWAP_EMA,2026-02-05,12:10,Call,680,2.48,2.83,1,TP,14.19,33.87,3451.79
A_VWAP_EMA,2026-02-09,10:05,Call,691,3.58,4.1,1,TP,14.44,50.45,3502.24
A_VWAP_EMA,2026-02-09,13:40,Call,695,2.09,1.55,1,SL,-25.96,-55.47,3446.77
A_VWAP_EMA,2026-02-10,10:20,Call,696,2.92,2.17,1,SL,-25.69,-76.27,3370.5
A_VWAP_EMA,2026-02-11,11:10,Put,691,2.41,1.79,1,SL,-25.83,-63.63,3306.87
A_VWAP_EMA,2026-02-12,10:10,Put,692,2.68,3.06,1,TP,14.25,36.92,3343.79
A_VWAP_EMA,2026-02-12,12:50,Put,684,1.9,2.17,1,TP,13.95,25.21,3369.0
A_VWAP_EMA,2026-02-20,10:05,Call,687,3.37,2.51,1,SL,-25.59,-87.59,3281.41
A_VWAP_EMA,2026-02-26,11:40,Put,687,2.28,2.6,1,TP,14.12,30.85,3312.27
A_VWAP_EMA,2026-02-26,12:40,Put,686,2.24,2.55,1,TP,14.11,30.27,3342.54
A_VWAP_EMA,2026-03-02,11:05,Call,685,2.87,3.28,1,TP,14.3,39.75,3382.29
A_VWAP_EMA,2026-03-02,11:40,Call,685,2.92,3.34,1,TP,14.32,40.56,3422.85
A_VWAP_EMA,2026-03-03,10:05,Put,672,3.35,3.83,1,TP,14.4,46.91,3469.77
A_VWAP_EMA,2026-03-03,10:45,Put,671,3.11,2.32,1,SL,-25.64,-81.15,3388.62
A_VWAP_EMA,2026-03-04,10:05,Call,682,3.7,4.24,1,TP,14.46,52.26,3440.88
A_VWAP_EMA,2026-03-04,11:30,Call,685,3.53,2.62,1,SL,-25.57,-91.44,3349.45
A_VWAP_EMA,2026-03-10,10:25,Call,677,4.19,4.8,1,TP,14.52,59.61,3409.06
A_VWAP_EMA,2026-03-10,12:20,Call,681,3.32,3.8,1,TP,14.4,46.55,3455.61
A_VWAP_EMA,2026-03-13,10:45,Put,667,3.95,4.52,1,TP,14.49,55.9,3511.51
A_VWAP_EMA,2026-03-13,12:35,Put,664,3.24,2.41,1,SL,-25.62,-84.29,3427.22
A_VWAP_EMA,2026-03-16,11:00,Call,670,4.0,3.54,1,VWAP,-11.31,-46.49,3380.72
A_VWAP_EMA,2026-03-17,10:45,Call,673,3.78,3.6,1,VWAP,-4.72,-19.15,3361.58
A_VWAP_EMA,2026-03-19,10:25,Put,657,3.85,3.05,1,VWAP,-20.74,-81.11,3280.46
A_VWAP_EMA,2026-03-20,10:40,Put,652,3.31,3.78,1,TP,14.4,46.31,3326.77
A_VWAP_EMA,2026-03-20,11:05,Put,652,3.38,2.79,1,VWAP,-17.61,-60.92,3265.85
A_VWAP_EMA,2026-03-23,10:10,Call,660,4.1,4.69,1,TP,14.51,58.2,3324.04
A_VWAP_EMA,2026-03-23,12:55,Put,656,3.1,3.54,1,TP,14.35,43.14,3367.18
A_VWAP_EMA,2026-03-24,12:20,Call,656,3.24,2.41,1,SL,-25.62,-84.35,3282.83
A_VWAP_EMA,2026-03-25,10:35,Call,659,4.02,3.0,1,SL,-25.5,-103.86,3178.97
A_VWAP_EMA,2026-03-26,10:45,Put,653,3.88,4.45,1,TP,14.49,54.96,3233.93
A_VWAP_EMA,2026-03-30,10:45,Put,635,4.46,3.32,1,SL,-25.45,-114.72,3119.21
A_VWAP_EMA,2026-03-31,10:15,Call,642,4.46,4.04,1,VWAP,-9.34,-42.95,3076.26
A_VWAP_EMA,2026-04-02,11:30,Call,655,3.58,2.67,1,SL,-25.56,-92.83,2983.43
A_VWAP_EMA,2026-04-08,11:50,Call,675,3.45,2.57,1,SL,-25.58,-89.5,2893.93
A_VWAP_EMA,2026-04-10,10:15,Call,681,3.32,2.97,1,VWAP,-10.61,-36.49,2857.44
A_VWAP_EMA,2026-04-13,10:25,Call,679,3.36,3.84,1,TP,14.4,47.05,2904.49
A_VWAP_EMA,2026-04-13,13:55,Call,682,1.99,2.27,1,TP,14.0,26.55,2931.05
A_VWAP_EMA,2026-04-14,10:05,Call,690,3.06,3.5,1,TP,14.35,42.58,2973.63
A_VWAP_EMA,2026-04-14,13:15,Call,693,2.34,2.67,1,TP,14.15,31.81,3005.43
A_VWAP_EMA,2026-04-16,10:40,Put,699,2.84,2.34,1,VWAP,-17.55,-51.09,2954.35
A_VWAP_EMA,2026-04-17,13:35,Put,710,2.04,1.86,1,VWAP,-8.76,-19.13,2935.21
A_VWAP_EMA,2026-04-21,10:30,Call,711,2.95,2.58,1,VWAP,-12.68,-38.73,2896.49
A_VWAP_EMA,2026-04-30,10:45,Call,712,3.21,3.67,1,TP,14.38,44.83,2941.31
A_VWAP_EMA,2026-04-30,11:50,Call,714,2.8,3.21,1,TP,14.29,38.77,2980.08
A_VWAP_EMA,2026-05-01,11:25,Call,723,2.79,3.19,1,TP,14.28,38.51,3018.59
A_VWAP_EMA,2026-05-01,12:30,Put,722,2.18,1.61,1,SL,-25.92,-57.78,2960.81
A_VWAP_EMA,2026-05-04,10:10,Put,720,2.84,2.36,1,VWAP,-16.94,-49.45,2911.35
A_VWAP_EMA,2026-05-06,10:10,Call,730,2.97,3.4,1,TP,14.33,41.28,2952.64
A_VWAP_EMA,2026-05-06,11:55,Call,732,2.47,1.83,1,SL,-25.81,-65.01,2887.63
A_VWAP_EMA,2026-05-07,10:05,Call,735,2.9,3.32,1,TP,14.31,40.27,2927.9
A_VWAP_EMA,2026-05-07,11:35,Call,736,2.48,1.84,1,SL,-25.81,-65.29,2862.61
A_VWAP_EMA,2026-05-08,10:15,Call,737,2.95,2.19,1,SL,-25.68,-77.09,2785.52
A_VWAP_EMA,2026-05-11,10:10,Call,739,2.98,2.22,1,SL,-25.67,-77.84,2707.67
A_VWAP_EMA,2026-05-13,10:05,Call,737,3.35,3.83,1,TP,14.4,46.94,2754.62
A_VWAP_EMA,2026-05-13,10:45,Call,738,3.29,3.76,1,TP,14.39,46.03,2800.65
A_VWAP_EMA,2026-05-14,10:05,Call,745,3.42,3.91,1,TP,14.41,47.97,2848.62
A_VWAP_EMA,2026-05-14,13:05,Call,748,2.38,1.77,1,SL,-25.84,-62.89,2785.72
A_VWAP_EMA,2026-05-22,11:05,Call,747,2.71,3.09,1,TP,14.26,37.29,2823.01
A_VWAP_EMA,2026-05-22,12:30,Call,747,2.56,1.9,1,SL,-25.78,-67.25,2755.76
A_VWAP_EMA,2026-05-26,10:05,Call,751,3.13,2.63,1,VWAP,-16.11,-51.79,2703.97
A_VWAP_EMA,2026-05-28,10:15,Call,753,3.0,2.23,1,SL,-25.67,-78.24,2625.73
A_VWAP_EMA,2026-05-29,11:10,Call,757,2.5,2.24,1,VWAP,-10.39,-27.26,2598.47
A_VWAP_EMA,2026-06-02,12:10,Call,760,2.28,1.69,1,SL,-25.88,-60.19,2538.28
A_VWAP_EMA,2026-06-10,10:05,Call,737,3.37,3.85,1,TP,14.41,47.18,2585.47
A_VWAP_EMA,2026-06-10,10:35,Call,738,3.34,2.49,1,SL,-25.6,-86.86,2498.61
A_VWAP_EMA,2026-06-23,11:10,Put,736,2.74,3.13,1,TP,14.27,37.76,2536.37
A_VWAP_EMA,2026-06-23,12:30,Call,737,2.6,1.93,1,SL,-25.77,-68.23,2468.14
A_VWAP_EMA,2026-06-25,10:10,Call,735,3.3,2.45,1,SL,-25.61,-85.72,2382.42
A_VWAP_EMA,2026-06-26,10:50,Call,733,3.12,3.57,1,TP,14.36,43.47,2425.89
A_VWAP_EMA,2026-06-26,12:35,Call,735,2.4,1.78,1,SL,-25.83,-63.36,2362.53
A_VWAP_EMA,2026-06-29,10:35,Call,737,3.39,3.87,1,TP,14.41,47.49,2410.02
A_VWAP_EMA,2026-06-30,10:05,Call,745,2.99,2.22,1,SL,-25.67,-78.02,2332.0
A_VWAP_EMA,2026-07-01,10:40,Call,747,2.81,3.21,1,TP,14.29,38.88,2370.88
A_VWAP_EMA,2026-07-02,10:15,Call,751,3.0,2.3,1,VWAP,-23.47,-71.76,2299.12
A_VWAP_EMA,2026-07-07,10:05,Put,749,2.97,3.39,1,TP,14.33,41.23,2340.35
A_VWAP_EMA,2026-07-07,12:15,Call,748,2.3,2.63,1,TP,14.13,31.24,2371.59
A_VWAP_EMA,2026-07-09,10:30,Call,748,2.92,3.34,1,TP,14.32,40.53,2412.12
A_VWAP_EMA,2026-07-09,13:05,Call,751,2.04,2.32,1,TP,14.02,27.23,2439.35
A_VWAP_EMA,2026-07-16,10:30,Call,754,2.98,2.21,1,SL,-25.67,-77.75,2361.6
A_VWAP_EMA,2026-07-20,10:50,Put,745,3.3,2.45,1,SL,-25.61,-85.73,2275.87
A_VWAP_EMA,2026-07-22,10:05,Call,749,3.12,2.32,1,SL,-25.64,-81.32,2194.54
A_VWAP_EMA,2026-07-27,11:20,Put,739,3.0,3.43,1,TP,14.33,41.65,2236.19
A_VWAP_EMA,2026-07-27,12:15,Put,737,2.39,1.77,1,SL,-25.84,-63.02,2173.18
A_VWAP_EMA,2026-07-28,10:10,Put,737,3.22,2.78,1,VWAP,-13.81,-45.81,2127.37
A_VWAP_EMA,2026-07-29,10:10,Put,737,3.27,3.74,1,TP,14.39,45.78,2173.15
A_VWAP_EMA,2026-07-29,12:45,Put,733,2.26,1.67,1,SL,-25.89,-59.69,2113.46
A_VWAP_EMA,2026-07-30,11:15,Put,735,3.3,2.46,1,SL,-25.61,-85.9,2027.55
A_VWAP_EMA,2026-07-31,11:00,Call,743,2.63,1.95,1,SL,-25.76,-69.1,1958.45
A_VWAP_EMA,2026-08-03,13:00,Call,756,2.22,2.54,1,TP,14.1,30.07,1988.52
A_VWAP_EMA,2026-08-10,10:05,Call,774,2.68,3.06,1,TP,14.25,36.92,2025.44
A_VWAP_EMA,2026-08-10,11:20,Call,774,2.48,2.11,1,VWAP,-14.75,-37.86,1987.58
A_VWAP_EMA,2026-08-13,12:15,Put,776,2.3,1.7,1,SL,-25.87,-60.68,1926.9
A_VWAP_EMA,2026-08-17,10:20,Put,775,2.39,2.11,1,VWAP,-11.72,-29.31,1897.59
A_VWAP_EMA,2026-08-26,11:05,Call,766,2.76,2.44,1,VWAP,-11.78,-33.82,1863.77
A_VWAP_EMA,2026-08-31,10:05,Put,766,2.72,3.11,1,TP,14.26,37.49,1901.27
A_VWAP_EMA,2026-08-31,10:50,Put,765,2.24,1.79,1,VWAP,-19.76,-45.47,1855.8
A_VWAP_EMA,2026-09-02,10:05,Call,764,2.94,3.36,1,TP,14.32,40.77,1896.57
A_VWAP_EMA,2026-09-02,12:00,Call,766,2.48,1.84,1,SL,-25.8,-65.42,1831.15
A_VWAP_EMA,2026-09-03,11:00,Call,769,2.78,3.17,1,TP,14.28,38.36,1869.51
A_VWAP_EMA,2026-09-03,13:30,Call,773,1.7,1.94,1,TP,13.83,22.25,1891.76
A_VWAP_EMA,2026-09-08,10:05,Put,767,2.8,3.2,1,TP,14.29,38.67,1930.44
A_VWAP_EMA,2026-09-08,10:30,Put,767,2.83,2.25,1,VWAP,-20.65,-59.78,1870.65
A_VWAP_EMA,2026-09-14,10:25,Put,759,2.86,2.22,1,VWAP,-22.49,-65.58,1805.07
A_VWAP_EMA,2026-09-16,10:10,Call,760,3.03,2.75,1,VWAP,-9.35,-29.64,1775.44
A_VWAP_EMA,2026-09-17,10:20,Call,761,3.48,3.18,1,VWAP,-8.7,-31.61,1743.82
A_VWAP_EMA,2026-09-18,11:15,Put,760,2.71,2.4,1,VWAP,-11.35,-32.06,1711.77
A_VWAP_EMA,2026-09-21,13:45,Call,773,1.67,1.91,1,TP,13.81,21.81,1733.58
A_VWAP_EMA,2026-09-22,10:25,Put,774,2.78,2.07,1,SL,-25.72,-72.88,1660.7
A_VWAP_EMA,2026-09-23,10:05,Put,770,2.35,2.69,1,TP,14.15,32.02,1692.72
A_VWAP_EMA,2026-09-23,11:15,Put,770,2.51,2.86,1,TP,14.2,34.32,1727.03
A_VWAP_EMA,2026-09-24,10:55,Put,765,2.61,2.98,1,TP,14.23,35.9,1762.93
A_VWAP_EMA,2026-09-24,11:50,Put,764,2.53,1.88,1,SL,-25.79,-66.63,1696.3
A_VWAP_EMA,2026-09-25,10:30,Put,767,2.55,1.9,1,SL,-25.78,-67.17,1629.13
A_VWAP_EMA,2026-09-28,10:05,Put,768,2.84,3.25,1,TP,14.3,39.34,1668.47
A_VWAP_EMA,2026-09-28,11:45,Put,765,2.32,1.72,1,SL,-25.86,-61.22,1607.26
A_VWAP_EMA,2026-10-01,10:45,Put,761,2.57,2.94,1,TP,14.22,35.3,1642.55
A_VWAP_EMA,2026-10-01,11:30,Put,760,2.37,2.71,1,TP,14.16,32.3,1674.85
A_VWAP_EMA,2026-10-02,10:05,Call,772,2.92,2.33,1,VWAP,-20.08,-59.93,1614.92
A_VWAP_EMA,2026-10-05,10:05,Call,771,2.87,3.28,1,TP,14.3,39.68,1654.6
A_VWAP_EMA,2026-10-05,12:10,Call,773,2.41,2.75,1,TP,14.17,32.88,1687.48
A_VWAP_EMA,2026-10-06,10:40,Call,780,2.68,3.06,1,TP,14.25,36.93,1724.41
A_VWAP_EMA,2026-10-06,13:05,Put,780,2.08,2.37,1,TP,14.04,27.9,1752.31
A_VWAP_EMA,2026-10-07,10:05,Put,775,2.98,2.52,1,VWAP,-15.48,-47.45,1704.86
B_QQE,2025-10-09,11:20,Call,672,2.44,2.14,1,VWAP,-12.54,-31.91,3968.09
B_QQE,2025-10-14,10:30,Call,660,2.86,3.27,1,TP,14.3,39.56,4007.65
B_QQE,2025-10-17,10:15,Call,663,4.1,3.05,1,SL,-25.49,-105.77,3901.88
B_QQE,2025-10-20,12:10,Put,670,2.45,2.44,1,VWAP,-0.21,-1.82,3900.06
B_QQE,2025-10-22,11:30,Put,668,2.55,1.89,1,SL,-25.78,-67.03,3833.03
B_QQE,2025-10-23,11:45,Put,669,2.56,2.12,1,VWAP,-17.08,-44.95,3788.08
B_QQE,2025-10-24,11:25,Call,678,2.69,1.99,1,SL,-25.74,-70.44,3717.64
B_QQE,2025-10-28,11:25,Put,686,2.48,2.04,1,VWAP,-17.46,-44.51,3673.13
B_QQE,2025-10-31,11:40,Put,683,2.34,2.67,1,TP,14.15,31.82,3704.95
B_QQE,2025-10-31,13:05,Put,680,1.92,1.42,1,SL,-26.04,-51.22,3653.73
B_QQE,2025-11-03,11:10,Call,682,2.88,2.81,1,VWAP,-2.65,-8.94,3644.79
B_QQE,2025-11-04,10:40,Call,680,2.59,1.92,1,SL,-25.77,-67.99,3576.81
B_QQE,2025-11-10,11:00,Put,676,2.7,3.09,1,TP,14.26,37.2,3614.01
B_QQE,2025-11-10,12:05,Call,677,2.83,2.65,1,VWAP,-6.05,-18.41,3595.6
B_QQE,2025-11-13,10:45,Put,677,2.54,2.9,1,TP,14.21,34.76,3630.36
B_QQE,2025-11-13,12:35,Call,676,2.29,2.21,1,VWAP,-3.72,-9.82,3620.54
B_QQE,2025-11-14,10:35,Call,670,3.02,3.45,1,TP,14.34,41.94,3662.48
B_QQE,2025-11-14,13:00,Put,674,2.27,2.59,1,TP,14.12,30.78,3693.26
B_QQE,2025-11-18,11:25,Call,660,3.31,3.78,1,TP,14.4,46.31,3739.57
B_QQE,2025-11-18,12:20,Put,660,2.74,3.14,1,TP,14.27,37.86,3777.43
B_QQE,2025-11-19,10:55,Put,664,3.6,4.12,1,TP,14.44,50.74,3828.16
B_QQE,2025-11-19,13:05,Call,662,2.82,2.71,1,VWAP,-3.83,-12.11,3816.05
B_QQE,2025-11-20,11:05,Put,672,3.62,4.14,1,TP,14.45,50.93,3866.98
B_QQE,2025-11-20,13:15,Call,662,2.51,1.86,1,SL,-25.8,-66.12,3800.86
B_QQE,2025-11-24,12:10,Put,667,2.97,2.8,1,VWAP,-5.55,-17.75,3783.12
B_QQE,2025-12-05,11:05,Put,687,2.55,2.91,1,TP,14.22,34.96,3818.08
B_QQE,2025-12-05,13:00,Call,686,2.02,2.04,1,VWAP,0.8,0.32,3818.4
B_QQE,2025-12-08,10:15,Put,685,2.5,2.86,1,TP,14.2,34.23,3852.62
B_QQE,2025-12-08,12:05,Put,683,2.17,1.61,1,SL,-25.92,-57.59,3795.03
B_QQE,2025-12-09,11:15,Call,685,2.44,1.81,1,SL,-25.82,-64.2,3730.83
B_QQE,2025-12-10,10:20,Call,683,2.93,2.41,1,VWAP,-17.66,-53.05,3677.78
B_QQE,2025-12-12,11:05,Put,681,2.39,1.77,1,SL,-25.84,-62.98,3614.8
B_QQE,2025-12-15,10:10,Put,682,2.63,3.0,1,TP,14.24,36.1,3650.91
B_QQE,2025-12-15,11:20,Call,683,2.17,1.61,1,SL,-25.92,-57.55,3593.35
B_QQE,2025-12-16,10:25,Put,677,2.43,2.77,1,TP,14.18,33.13,3626.48
B_QQE,2025-12-16,11:20,Put,678,2.62,2.99,1,TP,14.24,35.98,3662.45
B_QQE,2025-12-19,11:20,Call,680,2.5,1.85,1,SL,-25.8,-65.71,3596.74
B_QQE,2025-12-23,10:15,Put,685,2.38,2.07,1,VWAP,-12.89,-31.94,3564.8
B_QQE,2025-12-26,10:10,Put,690,2.0,2.28,1,TP,14.0,26.73,3591.53
B_QQE,2025-12-26,11:05,Call,691,2.04,1.81,1,VWAP,-11.4,-24.56,3566.97
B_QQE,2025-12-29,11:05,Put,687,1.93,1.43,1,SL,-26.03,-51.64,3515.33
B_QQE,2025-12-30,10:25,Put,687,2.23,1.91,1,VWAP,-14.09,-32.66,3482.66
B_QQE,2025-12-31,11:55,Call,685,2.1,2.13,1,VWAP,1.39,1.61,3484.27
B_QQE,2025-12-31,13:00,Put,685,1.77,1.31,1,SL,-26.13,-47.59,3436.68
B_QQE,2026-01-02,10:25,Put,682,2.29,1.7,1,SL,-25.87,-60.55,3376.14
B_QQE,2026-01-06,10:55,Put,689,2.14,2.44,1,TP,14.07,28.84,3404.98
B_QQE,2026-01-06,12:10,Call,690,1.95,2.22,1,TP,13.98,25.97,3430.95
B_QQE,2026-01-12,10:55,Call,694,2.18,2.49,1,TP,14.08,29.45,3460.4
B_QQE,2026-01-12,12:40,Put,694,1.72,1.53,2,VWAP,-10.89,-40.01,3420.39
B_QQE,2026-01-13,11:15,Call,694,2.23,2.25,1,VWAP,0.65,0.16,3420.55
B_QQE,2026-01-13,11:35,Call,694,2.28,2.6,1,TP,14.12,30.86,3451.41
B_QQE,2026-01-16,10:05,Put,692,2.54,2.91,1,TP,14.21,34.87,3486.28
B_QQE,2026-01-16,11:10,Call,692,2.66,3.04,1,TP,14.25,36.61,3522.89
B_QQE,2026-01-20,11:40,Call,684,2.41,1.79,1,SL,-25.83,-63.58,3459.31
B_QQE,2026-01-21,11:40,Put,682,2.87,2.13,1,SL,-25.7,-75.05,3384.26
B_QQE,2026-01-22,10:40,Call,689,2.71,2.41,1,VWAP,-11.1,-31.32,3352.93
B_QQE,2026-01-26,12:05,Call,694,2.01,1.49,1,SL,-25.99,-53.58,3299.36
B_QQE,2026-01-27,12:10,Put,696,2.18,2.21,1,VWAP,1.5,1.97,3301.33
B_QQE,2026-01-27,13:35,Call,696,1.77,1.31,1,SL,-26.13,-47.63,3253.7
B_QQE,2026-01-29,11:40,Call,688,2.56,2.55,1,VWAP,-0.57,-2.77,3250.93
B_QQE,2026-02-02,11:30,Call,696,2.38,1.76,1,SL,-25.84,-62.79,3188.14
B_QQE,2026-02-03,11:25,Put,691,2.41,2.76,1,TP,14.17,32.91,3221.04
B_QQE,2026-02-03,14:00,Put,685,1.64,1.87,1,TP,13.78,21.36,3242.41
B_QQE,2026-02-05,11:30,Call,680,2.54,2.9,1,TP,14.21,34.79,3277.19
B_QQE,2026-02-05,13:15,Put,680,2.0,2.12,1,VWAP,5.93,10.57,3287.76
B_QQE,2026-02-09,10:20,Call,693,3.22,3.68,1,TP,14.38,44.93,3332.69
B_QQE,2026-02-09,11:55,Call,695,3.07,2.28,1,SL,-25.65,-80.07,3252.62
B_QQE,2026-02-10,11:10,Put,695,2.78,2.22,1,VWAP,-20.25,-57.61,3195.01
B_QQE,2026-02-11,10:10,Put,693,3.08,3.52,1,TP,14.35,42.85,3237.86
B_QQE,2026-02-11,11:20,Call,693,2.61,2.05,1,VWAP,-21.44,-57.25,3180.61
B_QQE,2026-02-12,10:10,Put,692,2.68,3.06,1,TP,14.25,36.92,3217.53
B_QQE,2026-02-12,13:00,Put,683,2.06,1.52,1,SL,-25.97,-54.75,3162.77
B_QQE,2026-02-20,10:10,Call,687,3.44,2.56,1,SL,-25.58,-89.4,3073.37
B_QQE,2026-02-23,12:35,Put,681,2.19,1.62,1,SL,-25.91,-58.08,3015.29
B_QQE,2026-02-26,11:15,Call,689,2.51,2.3,1,VWAP,-8.29,-22.11,2993.18
B_QQE,2026-03-02,10:15,Call,685,3.25,2.42,1,SL,-25.62,-84.57,2908.61
B_QQE,2026-03-03,11:10,Call,675,2.98,3.41,1,TP,14.33,41.44,2950.06
B_QQE,2026-03-03,13:30,Call,680,2.22,2.54,1,TP,14.1,30.05,2980.11
B_QQE,2026-03-04,10:05,Call,682,3.7,4.24,1,TP,14.46,52.26,3032.37
B_QQE,2026-03-04,11:55,Call,686,3.32,2.47,1,SL,-25.6,-86.19,2946.19
B_QQE,2026-03-10,10:10,Put,675,4.11,3.07,1,SL,-25.49,-106.15,2840.03
B_QQE,2026-03-13,10:20,Put,668,4.16,4.77,1,TP,14.52,59.14,2899.18
B_QQE,2026-03-13,13:20,Call,665,2.85,2.62,1,VWAP,-8.29,-24.96,2874.22
B_QQE,2026-03-16,10:50,Put,668,4.04,3.11,1,VWAP,-23.09,-94.53,2779.69
B_QQE,2026-03-17,11:10,Put,672,3.49,4.0,1,TP,14.43,49.1,2828.79
B_QQE,2026-03-17,13:10,Call,672,2.57,2.38,1,VWAP,-7.43,-20.44,2808.36
B_QQE,2026-03-19,11:10,Call,659,3.53,2.81,1,VWAP,-20.28,-72.83,2735.53
B_QQE,2026-03-20,12:00,Call,653,3.13,2.67,1,VWAP,-14.89,-47.97,2687.56
B_QQE,2026-03-23,11:40,Put,659,3.47,3.98,1,TP,14.42,48.82,2736.38
B_QQE,2026-03-23,13:40,Call,658,2.6,1.93,1,SL,-25.77,-68.23,2668.15
B_QQE,2026-03-24,10:55,Call,654,4.08,3.04,1,SL,-25.49,-105.37,2562.77
B_QQE,2026-03-25,11:15,Put,657,4.01,4.59,1,TP,14.5,56.8,2619.58
B_QQE,2026-03-25,12:35,Call,658,3.31,2.74,1,VWAP,-17.23,-58.4,2561.18
B_QQE,2026-03-26,10:55,Put,651,3.44,3.94,1,TP,14.42,48.31,2609.49
B_QQE,2026-03-26,13:55,Put,647,2.28,1.69,1,SL,-25.88,-60.2,2549.29
B_QQE,2026-03-30,10:15,Call,636,4.99,4.6,1,VWAP,-7.77,-40.07,2509.22
B_QQE,2026-03-31,10:55,Put,639,4.5,3.36,1,SL,-25.44,-115.85,2393.36
B_QQE,2026-04-02,10:35,Call,652,3.84,4.4,1,TP,14.48,54.31,2447.68
B_QQE,2026-04-02,12:05,Put,654,3.23,3.26,1,VWAP,0.75,1.13,2448.81
B_QQE,2026-04-08,11:45,Call,674,3.71,4.24,1,TP,14.46,52.33,2501.14
B_QQE,2026-04-08,12:45,Call,676,3.08,2.29,1,SL,-25.65,-80.26,2420.88
B_QQE,2026-04-10,10:20,Call,681,3.36,2.97,1,VWAP,-11.65,-40.39,2380.48
B_QQE,2026-04-13,10:10,Call,679,3.35,3.83,1,TP,14.4,46.95,2427.43
B_QQE,2026-04-14,11:30,Call,692,2.95,3.38,1,TP,14.32,41.0,2468.42
B_QQE,2026-04-14,13:25,Call,694,2.1,1.56,1,SL,-25.95,-55.9,2412.52
B_QQE,2026-04-16,10:20,Put,699,2.99,2.34,1,VWAP,-21.83,-66.61,2345.92
B_QQE,2026-04-17,12:35,Call,712,2.33,1.73,1,SL,-25.86,-61.47,2284.45
B_QQE,2026-04-21,10:50,Put,709,2.88,3.3,1,TP,14.31,39.97,2324.42
B_QQE,2026-04-21,13:15,Put,705,2.32,2.65,1,TP,14.14,31.46,2355.89
B_QQE,2026-04-30,10:50,Call,713,2.97,3.4,1,TP,14.33,41.32,2397.2
B_QQE,2026-04-30,12:15,Call,715,2.77,2.06,1,SL,-25.72,-72.66,2324.54
B_QQE,2026-05-01,11:00,Put,723,2.8,2.38,1,VWAP,-15.05,-43.48,2281.06
B_QQE,2026-05-04,10:25,Call,721,3.09,2.3,1,SL,-25.65,-80.62,2200.43
B_QQE,2026-05-06,12:45,Put,732,2.46,2.53,1,VWAP,2.85,5.7,2206.14
B_QQE,2026-05-06,13:25,Call,732,1.89,2.16,1,TP,13.94,25.07,2231.21
B_QQE,2026-05-07,10:35,Call,735,2.89,3.3,1,TP,14.31,39.99,2271.2
B_QQE,2026-05-07,11:50,Put,735,2.63,2.55,1,VWAP,-2.95,-9.06,2262.13
B_QQE,2026-05-08,11:40,Call,737,2.79,2.07,1,SL,-25.72,-73.09,2189.05
B_QQE,2026-05-11,11:05,Call,740,2.65,1.97,1,SL,-25.75,-69.59,2119.46
B_QQE,2026-05-13,10:25,Call,738,3.39,3.87,1,TP,14.41,47.48,2166.94
B_QQE,2026-05-13,12:20,Call,741,2.42,2.76,1,TP,14.17,33.01,2199.95
B_QQE,2026-05-14,12:35,Put,748,2.61,2.3,1,VWAP,-12.16,-33.09,2166.86
B_QQE,2026-05-22,11:05,Call,747,2.71,3.09,1,TP,14.26,37.29,2204.15
B_QQE,2026-05-22,12:25,Put,747,2.34,2.07,1,VWAP,-11.49,-28.21,2175.93
B_QQE,2026-05-26,11:15,Put,751,2.86,3.27,1,TP,14.3,39.6,2215.54
B_QQE,2026-05-26,12:35,Call,750,2.31,2.11,1,VWAP,-8.76,-21.52,2194.02
B_QQE,2026-05-28,10:10,Call,751,2.8,3.2,1,TP,14.29,38.75,2232.77
B_QQE,2026-05-28,12:25,Call,755,2.18,1.62,1,SL,-25.92,-57.92,2174.85
B_QQE,2026-05-29,10:40,Put,756,2.86,3.27,1,TP,14.3,39.61,2214.46
B_QQE,2026-05-29,11:15,Call,757,2.78,2.24,1,VWAP,-19.61,-55.9,2158.56
B_QQE,2026-06-02,10:40,Call,758,3.1,3.54,1,TP,14.35,43.2,2201.76
B_QQE,2026-06-02,12:30,Put,759,2.06,2.03,1,VWAP,-1.29,-3.95,2197.81
B_QQE,2026-06-09,10:20,Put,740,3.19,2.37,1,SL,-25.63,-83.06,2114.75
B_QQE,2026-06-10,10:50,Put,735,3.27,3.74,1,TP,14.39,45.76,2160.5
B_QQE,2026-06-10,13:00,Put,730,2.3,2.62,1,TP,14.13,31.14,2191.64
B_QQE,2026-06-23,10:50,Put,737,2.67,2.68,1,VWAP,0.35,-0.36,2191.28
B_QQE,2026-06-25,10:30,Call,735,3.46,3.96,1,TP,14.42,48.64,2239.93
B_QQE,2026-06-25,11:15,Put,733,2.92,3.34,1,TP,14.32,40.52,2280.44
B_QQE,2026-06-26,10:10,Call,733,3.37,3.85,1,TP,14.41,47.23,2327.67
B_QQE,2026-06-26,11:30,Call,735,2.8,3.2,1,TP,14.29,38.69,2366.37
B_QQE,2026-06-29,10:15,Put,733,3.31,2.46,1,SL,-25.6,-86.01,2280.36
B_QQE,2026-06-30,11:30,Call,745,2.95,3.37,1,TP,14.32,40.98,2321.34
B_QQE,2026-06-30,13:40,Put,746,1.88,1.62,1,VWAP,-14.04,-27.75,2293.59
B_QQE,2026-07-01,10:15,Call,747,2.8,3.2,1,TP,14.29,38.7,2332.29
B_QQE,2026-07-01,12:50,Put,748,1.99,2.05,1,VWAP,2.98,4.64,2336.93
B_QQE,2026-07-02,10:40,Put,748,2.58,2.95,1,TP,14.22,35.4,2372.34
B_QQE,2026-07-07,11:55,Call,747,2.38,2.5,1,VWAP,4.93,10.43,2382.76
B_QQE,2026-07-09,11:05,Call,749,2.77,3.17,1,TP,14.28,38.27,2421.03
B_QQE,2026-07-09,13:10,Call,751,2.21,1.64,1,SL,-25.9,-58.63,2362.41
B_QQE,2026-07-16,10:15,Call,753,3.05,3.49,1,TP,14.34,42.43,2404.83
B_QQE,2026-07-16,11:40,Call,754,2.64,1.96,1,SL,-25.76,-69.41,2335.42
B_QQE,2026-07-20,10:20,Put,745,3.32,2.47,1,SL,-25.6,-86.4,2249.02
B_QQE,2026-07-22,10:05,Call,749,3.12,2.32,1,SL,-25.64,-81.32,2167.69
B_QQE,2026-07-27,10:25,Put,740,3.26,3.73,1,TP,14.39,45.58,2213.28
B_QQE,2026-07-27,11:40,Put,737,2.83,2.1,1,SL,-25.71,-73.94,2139.34
B_QQE,2026-07-28,10:45,Call,738,3.31,3.78,1,TP,14.4,46.31,2185.65
B_QQE,2026-07-28,12:55,Call,743,2.26,1.68,1,SL,-25.88,-59.84,2125.81
B_QQE,2026-07-29,12:05,Put,733,2.67,3.05,1,TP,14.25,36.73,2162.54
B_QQE,2026-07-29,12:55,Call,734,2.49,2.75,1,VWAP,10.42,24.7,2187.24
B_QQE,2026-07-30,10:55,Put,736,3.26,3.72,1,TP,14.39,45.54,2232.78
B_QQE,2026-07-30,11:55,Call,737,3.21,3.67,1,TP,14.38,44.81,2277.59
B_QQE,2026-07-31,10:05,Put,740,2.86,3.26,1,TP,14.3,39.54,2317.13
B_QQE,2026-07-31,10:50,Call,742,3.13,2.32,1,SL,-25.64,-81.45,2235.68
B_QQE,2026-08-03,11:55,Call,756,2.55,2.92,1,TP,14.22,34.99,2270.67
B_QQE,2026-08-04,12:40,Call,769,2.5,2.86,1,TP,14.2,34.2,2304.87
B_QQE,2026-08-10,10:05,Call,774,2.68,3.06,1,TP,14.25,36.92,2341.79
B_QQE,2026-08-10,11:35,Put,773,2.17,1.91,1,VWAP,-11.89,-27.11,2314.69
B_QQE,2026-08-13,11:10,Put,777,2.31,2.63,1,TP,14.13,31.32,2346.0
B_QQE,2026-08-13,12:35,Call,777,1.94,1.71,1,VWAP,-11.81,-24.15,2321.85
B_QQE,2026-08-17,11:20,Call,776,2.27,1.94,1,VWAP,-14.59,-34.42,2287.43
B_QQE,2026-08-26,10:30,Put,765,2.67,2.14,1,VWAP,-19.68,-53.79,2233.64
B_QQE,2026-08-31,11:30,Call,766,2.35,2.19,1,VWAP,-6.68,-16.98,2216.66
B_QQE,2026-09-02,12:25,Put,765,2.33,2.33,1,VWAP,0.04,-1.2,2215.46
B_QQE,2026-09-03,11:05,Call,770,2.86,3.27,1,TP,14.3,39.67,2255.12
B_QQE,2026-09-03,12:50,Call,773,2.17,1.61,1,SL,-25.92,-57.48,2197.65
B_QQE,2026-09-08,11:00,Call,768,2.49,2.19,1,VWAP,-12.09,-31.45,2166.2
B_QQE,2026-09-14,11:30,Call,760,2.36,2.69,1,TP,14.15,32.06,2198.26
B_QQE,2026-09-16,11:05,Call,761,2.69,2.0,1,SL,-25.74,-70.48,2127.78
B_QQE,2026-09-17,11:30,Call,762,2.67,1.98,1,SL,-25.75,-70.08,2057.7
B_QQE,2026-09-18,11:30,Call,760,2.5,2.34,1,VWAP,-6.33,-17.14,2040.56
B_QQE,2026-09-21,11:50,Call,771,2.34,2.67,1,TP,14.14,31.75,2072.31
B_QQE,2026-09-21,12:35,Call,772,2.35,2.69,1,TP,14.15,32.02,2104.33
B_QQE,2026-09-22,10:30,Put,774,2.87,2.13,1,SL,-25.7,-74.97,2029.37
B_QQE,2026-09-23,11:50,Put,769,2.43,2.77,1,TP,14.18,33.15,2062.52
B_QQE,2026-09-23,13:50,Call,768,1.84,1.79,1,VWAP,-2.98,-6.79,2055.72
B_QQE,2026-09-24,10:50,Put,765,2.43,2.78,1,TP,14.18,33.2,2088.93
B_QQE,2026-09-24,12:20,Call,767,2.18,2.48,1,TP,14.08,29.35,2118.28
B_QQE,2026-09-25,10:15,Put,767,2.84,2.11,1,SL,-25.7,-74.42,2043.86
B_QQE,2026-09-28,12:20,Call,767,1.98,2.26,1,TP,13.99,26.43,2070.29
B_QQE,2026-10-01,11:05,Put,760,2.91,2.16,1,SL,-25.69,-76.08,1994.21
B_QQE,2026-10-02,11:05,Put,770,2.75,3.14,1,TP,14.27,37.91,2032.11
B_QQE,2026-10-02,12:15,Call,770,2.24,2.24,1,VWAP,-0.02,-1.34,2030.78
B_QQE,2026-10-05,11:45,Call,773,2.61,2.99,1,TP,14.24,35.92,2066.7
B_QQE,2026-10-06,11:20,Call,781,2.84,2.11,1,SL,-25.7,-74.24,1992.46
B_QQE,2026-10-07,11:30,Call,775,2.37,2.71,1,TP,14.16,32.26,2024.72
B_QQE,2026-10-07,13:10,Call,777,2.12,1.57,1,SL,-25.94,-56.34,1968.38
C_COMBO,2025-10-09,12:40,Put,671,2.24,2.56,1,TP,14.11,30.32,4030.32
C_COMBO,2025-10-14,11:05,Call,661,2.63,3.0,1,TP,14.24,36.16,4066.48
C_COMBO,2025-10-17,10:15,Call,663,4.1,3.05,1,SL,-25.49,-105.77,3960.7
C_COMBO,2025-10-20,10:05,Call,669,3.54,4.05,1,TP,14.44,49.8,4010.5
C_COMBO,2025-10-20,12:50,Call,671,2.43,2.77,1,TP,14.18,33.1,4043.6
C_COMBO,2025-10-22,10:10,Put,671,2.71,3.09,1,TP,14.26,37.32,4080.92
C_COMBO,2025-10-22,10:30,Put,669,2.52,2.88,1,TP,14.21,34.54,4115.46
C_COMBO,2025-10-24,10:05,Call,677,3.09,2.62,1,VWAP,-15.12,-48.02,4067.44
C_COMBO,2025-10-28,11:45,Put,685,2.12,1.57,1,SL,-25.94,-56.33,4011.11
C_COMBO,2025-10-31,10:35,Call,684,2.51,2.87,1,TP,14.2,34.37,4045.47
C_COMBO,2025-10-31,11:15,Call,684,2.67,2.31,1,VWAP,-13.54,-37.44,4008.04
C_COMBO,2025-11-03,10:05,Put,682,2.77,3.17,1,TP,14.28,38.27,4046.3
C_COMBO,2025-11-03,11:35,Call,683,2.42,2.16,1,VWAP,-10.83,-27.55,4018.75
C_COMBO,2025-11-04,12:30,Put,677,2.17,2.47,1,TP,14.08,29.24,4047.99
C_COMBO,2025-11-04,12:55,Put,676,1.89,2.15,2,TP,13.94,50.09,4098.08
C_COMBO,2025-11-10,10:05,Call,679,3.04,2.74,1,VWAP,-9.98,-31.68,4066.4
C_COMBO,2025-11-13,10:05,Put,678,2.73,2.03,1,SL,-25.73,-71.67,3994.73
C_COMBO,2025-11-18,12:30,Put,659,2.91,2.16,1,SL,-25.69,-76.02,3918.71
C_COMBO,2025-11-24,10:05,Call,665,3.91,4.47,1,TP,14.49,55.29,3974.0
C_COMBO,2025-12-05,11:30,Put,686,2.27,2.59,1,TP,14.12,30.76,4004.76
C_COMBO,2025-12-05,13:10,Call,687,1.69,1.43,2,VWAP,-14.88,-52.76,3952.0
C_COMBO,2025-12-08,10:40,Put,685,2.53,2.89,1,TP,14.21,34.71,3986.72
C_COMBO,2025-12-08,13:45,Put,683,1.57,1.78,2,TP,13.72,40.42,4027.14
C_COMBO,2025-12-09,10:05,Call,685,2.59,2.06,1,VWAP,-20.58,-54.55,3972.59
C_COMBO,2025-12-10,10:35,Put,682,2.41,2.0,1,VWAP,-17.04,-42.33,3930.25
C_COMBO,2025-12-12,10:05,Put,687,2.57,2.93,1,TP,14.22,35.21,3965.46
C_COMBO,2025-12-12,13:15,Call,684,1.53,1.74,2,TP,13.69,39.37,4004.82
C_COMBO,2025-12-15,10:15,Put,681,2.34,2.67,1,TP,14.15,31.83,4036.66
C_COMBO,2025-12-15,10:40,Put,680,2.18,1.61,1,SL,-25.92,-57.77,3978.89
C_COMBO,2025-12-16,12:40,Put,677,1.92,2.19,2,TP,13.96,51.0,4029.88
C_COMBO,2025-12-19,11:20,Call,680,2.5,1.85,1,SL,-25.8,-65.71,3964.17
C_COMBO,2025-12-23,11:40,Call,686,2.3,1.99,1,TIME,-13.57,-32.54,3931.64
C_COMBO,2025-12-24,10:05,Call,689,2.22,2.54,1,TP,14.1,30.05,3961.69
C_COMBO,2025-12-26,11:05,Call,691,2.04,1.81,1,VWAP,-11.4,-24.56,3937.13
C_COMBO,2025-12-29,10:05,Put,687,2.04,1.72,1,VWAP,-15.62,-33.13,3904.0
C_COMBO,2025-12-30,10:45,Put,687,2.27,1.91,1,VWAP,-15.92,-37.5,3866.5
C_COMBO,2025-12-31,13:00,Put,685,1.77,1.31,2,SL,-26.13,-95.18,3771.32
C_COMBO,2026-01-02,10:50,Put,683,2.11,2.4,1,TP,14.05,28.29,3799.61
C_COMBO,2026-01-02,11:40,Put,682,2.14,2.44,1,TP,14.06,28.74,3828.35
C_COMBO,2026-01-06,11:30,Put,689,2.1,1.77,1,VWAP,-16.1,-35.19,3793.16
C_COMBO,2026-01-12,11:10,Call,694,2.28,1.69,1,SL,-25.88,-60.2,3732.96
C_COMBO,2026-01-13,11:45,Call,695,1.99,1.47,1,SL,-26.01,-53.05,3679.91
C_COMBO,2026-01-16,10:20,Put,692,2.74,3.13,1,TP,14.27,37.81,3717.73
C_COMBO,2026-01-16,11:30,Call,693,2.21,1.64,1,SL,-25.9,-58.66,3659.07
C_COMBO,2026-01-20,10:05,Put,682,2.62,2.99,1,TP,14.24,35.98,3695.05
C_COMBO,2026-01-20,10:20,Put,681,2.37,1.76,1,SL,-25.84,-62.6,3632.45
C_COMBO,2026-01-22,10:40,Call,689,2.71,2.41,1,VWAP,-11.1,-31.32,3601.13
C_COMBO,2026-01-26,10:15,Call,693,2.5,1.85,1,SL,-25.8,-65.71,3535.42
C_COMBO,2026-01-27,10:10,Call,695,2.87,2.13,1,SL,-25.7,-75.07,3460.36
C_COMBO,2026-01-29,12:15,Call,691,2.01,2.29,1,TP,14.0,26.8,3487.16
C_COMBO,2026-01-29,13:25,Call,691,1.7,1.94,2,TP,13.83,44.5,3531.66
C_COMBO,2026-02-02,10:05,Call,694,2.86,3.27,1,TP,14.3,39.55,3571.22
C_COMBO,2026-02-02,13:50,Call,697,1.64,1.21,2,SL,-26.22,-88.39,3482.83
C_COMBO,2026-02-05,10:05,Put,679,2.82,3.22,1,TP,14.29,38.96,3521.79
C_COMBO,2026-02-05,13:25,Put,679,1.91,1.69,1,VWAP,-11.36,-23.01,3498.77
C_COMBO,2026-02-10,10:20,Call,696,2.92,2.17,1,SL,-25.69,-76.27,3422.51
C_COMBO,2026-02-11,11:40,Call,693,2.47,2.33,1,VWAP,-6.02,-16.2,3406.3
C_COMBO,2026-02-12,10:10,Put,692,2.68,3.06,1,TP,14.25,36.92,3443.22
C_COMBO,2026-02-20,10:10,Call,687,3.44,2.56,1,SL,-25.58,-89.4,3353.82
C_COMBO,2026-02-26,12:40,Put,686,2.24,2.55,1,TP,14.11,30.27,3384.09
C_COMBO,2026-02-26,14:05,Call,688,1.66,1.89,2,TP,13.79,43.19,3427.28
C_COMBO,2026-03-02,11:05,Call,685,2.87,3.28,1,TP,14.3,39.75,3467.04
C_COMBO,2026-03-03,10:05,Put,672,3.35,3.83,1,TP,14.4,46.91,3513.95
C_COMBO,2026-03-03,11:45,Call,677,2.85,3.26,1,TP,14.3,39.46,3553.41
C_COMBO,2026-03-04,10:05,Call,682,3.7,4.24,1,TP,14.46,52.26,3605.67
C_COMBO,2026-03-04,12:55,Call,686,3.01,2.24,1,SL,-25.66,-78.65,3527.02
C_COMBO,2026-03-10,12:55,Call,682,2.88,3.29,1,TP,14.3,39.86,3566.88
C_COMBO,2026-03-13,10:45,Put,667,3.95,4.52,1,TP,14.49,55.9,3622.78
C_COMBO,2026-03-13,13:50,Put,662,2.4,1.78,1,SL,-25.83,-63.35,3559.43
C_COMBO,2026-03-16,11:25,Call,670,3.99,3.35,1,VWAP,-15.97,-65.01,3494.42
C_COMBO,2026-03-17,11:35,Put,671,3.12,3.57,1,TP,14.36,43.57,3537.99
C_COMBO,2026-03-19,11:35,Put,657,3.5,2.76,1,VWAP,-21.2,-75.59,3462.4
C_COMBO,2026-03-20,12:20,Call,654,2.93,2.18,1,SL,-25.68,-76.53,3385.87
C_COMBO,2026-03-23,10:10,Call,660,4.1,4.69,1,TP,14.51,58.2,3444.07
C_COMBO,2026-03-24,13:05,Put,654,3.09,2.3,1,SL,-25.65,-80.51,3363.56
C_COMBO,2026-03-25,10:35,Call,659,4.02,3.0,1,SL,-25.5,-103.86,3259.7
C_COMBO,2026-03-26,10:55,Put,651,3.44,3.94,1,TP,14.42,48.31,3308.01
C_COMBO,2026-03-30,10:45,Put,635,4.46,3.32,1,SL,-25.45,-114.72,3193.28
C_COMBO,2026-03-31,10:15,Call,642,4.46,4.04,1,VWAP,-9.34,-42.95,3150.33
C_COMBO,2026-04-02,11:30,Call,655,3.58,2.67,1,SL,-25.56,-92.83,3057.5
C_COMBO,2026-04-08,11:50,Call,675,3.45,2.57,1,SL,-25.58,-89.5,2968.0
C_COMBO,2026-04-10,10:20,Call,681,3.36,2.97,1,VWAP,-11.65,-40.39,2927.61
C_COMBO,2026-04-13,10:25,Call,679,3.36,3.84,1,TP,14.4,47.05,2974.66
C_COMBO,2026-04-14,10:05,Call,690,3.06,3.5,1,TP,14.35,42.58,3017.24
C_COMBO,2026-04-16,10:40,Put,699,2.84,2.34,1,VWAP,-17.55,-51.09,2966.16
C_COMBO,2026-04-17,13:35,Put,710,2.04,1.86,1,VWAP,-8.76,-19.13,2947.02
C_COMBO,2026-04-30,10:50,Call,713,2.97,3.4,1,TP,14.33,41.32,2988.34
C_COMBO,2026-04-30,13:10,Call,715,2.4,2.74,1,TP,14.17,32.69,3021.03
C_COMBO,2026-05-01,11:40,Call,724,2.45,1.82,1,SL,-25.82,-64.62,2956.41
C_COMBO,2026-05-04,10:40,Call,722,2.75,2.05,1,SL,-25.73,-72.16,2884.26
C_COMBO,2026-05-06,10:10,Call,730,2.97,3.4,1,TP,14.33,41.28,2925.54
C_COMBO,2026-05-06,13:25,Call,732,1.89,2.16,1,TP,13.94,25.07,2950.62
C_COMBO,2026-05-07,10:35,Call,735,2.89,3.3,1,TP,14.31,39.99,2990.6
C_COMBO,2026-05-07,12:00,Put,734,2.52,2.88,1,TP,14.21,34.47,3025.07
C_COMBO,2026-05-08,10:15,Call,737,2.95,2.19,1,SL,-25.68,-77.09,2947.98
C_COMBO,2026-05-11,10:10,Call,739,2.98,2.22,1,SL,-25.67,-77.84,2870.13
C_COMBO,2026-05-13,10:25,Call,738,3.39,3.87,1,TP,14.41,47.48,2917.62
C_COMBO,2026-05-14,10:05,Call,745,3.42,3.91,1,TP,14.41,47.97,2965.58
C_COMBO,2026-05-14,13:20,Put,746,1.91,1.41,1,SL,-26.05,-51.0,2914.59
C_COMBO,2026-05-22,11:05,Call,747,2.71,3.09,1,TP,14.26,37.29,2951.88
C_COMBO,2026-05-22,13:05,Call,748,2.05,1.52,1,SL,-25.97,-54.62,2897.26
C_COMBO,2026-05-26,10:05,Call,751,3.13,2.63,1,VWAP,-16.11,-51.79,2845.47
C_COMBO,2026-05-28,10:15,Call,753,3.0,2.23,1,SL,-25.67,-78.24,2767.23
C_COMBO,2026-05-29,11:15,Call,757,2.78,2.24,1,VWAP,-19.61,-55.9,2711.32
C_COMBO,2026-06-02,13:00,Call,760,2.06,1.53,1,SL,-25.97,-54.87,2656.45
C_COMBO,2026-06-10,10:05,Call,737,3.37,3.85,1,TP,14.41,47.18,2703.64
C_COMBO,2026-06-10,10:35,Call,738,3.34,2.49,1,SL,-25.6,-86.86,2616.77
C_COMBO,2026-06-23,11:10,Put,736,2.74,3.13,1,TP,14.27,37.76,2654.54
C_COMBO,2026-06-23,12:30,Call,737,2.6,1.93,1,SL,-25.77,-68.23,2586.31
C_COMBO,2026-06-25,10:50,Call,736,3.31,3.79,1,TP,14.4,46.33,2632.64
C_COMBO,2026-06-25,11:05,Call,736,3.14,2.34,1,SL,-25.64,-81.87,2550.77
C_COMBO,2026-06-26,10:50,Call,733,3.12,3.57,1,TP,14.36,43.47,2594.24
C_COMBO,2026-06-26,13:05,Call,735,2.35,2.68,1,TP,14.15,31.96,2626.2
C_COMBO,2026-06-29,10:55,Call,738,3.07,2.28,1,SL,-25.65,-79.93,2546.27
C_COMBO,2026-06-30,10:05,Call,745,2.99,2.22,1,SL,-25.67,-78.02,2468.25
C_COMBO,2026-07-01,10:40,Call,747,2.81,3.21,1,TP,14.29,38.88,2507.13
C_COMBO,2026-07-02,10:15,Call,751,3.0,2.3,1,VWAP,-23.47,-71.76,2435.38
C_COMBO,2026-07-07,10:05,Put,749,2.97,3.39,1,TP,14.33,41.23,2476.61
C_COMBO,2026-07-07,12:15,Call,748,2.3,2.63,1,TP,14.13,31.24,2507.85
C_COMBO,2026-07-16,10:30,Call,754,2.98,2.21,1,SL,-25.67,-77.75,2430.1
C_COMBO,2026-07-20,10:50,Put,745,3.3,2.45,1,SL,-25.61,-85.73,2344.37
C_COMBO,2026-07-22,10:05,Call,749,3.12,2.32,1,SL,-25.64,-81.32,2263.04
C_COMBO,2026-07-27,12:55,Put,737,2.29,2.61,1,TP,14.13,31.03,2294.08
C_COMBO,2026-07-27,13:40,Put,737,2.22,1.64,1,SL,-25.9,-58.75,2235.32
C_COMBO,2026-07-28,10:10,Put,737,3.22,2.78,1,VWAP,-13.81,-45.81,2189.52
C_COMBO,2026-07-29,10:10,Put,737,3.27,3.74,1,TP,14.39,45.78,2235.3
C_COMBO,2026-07-29,13:05,Call,736,2.25,1.94,1,VWAP,-13.92,-32.61,2202.69
C_COMBO,2026-07-30,11:15,Put,735,3.3,2.46,1,SL,-25.61,-85.9,2116.79
C_COMBO,2026-07-31,11:00,Call,743,2.63,1.95,1,SL,-25.76,-69.1,2047.68
C_COMBO,2026-08-10,10:05,Call,774,2.68,3.06,1,TP,14.25,36.92,2084.61
C_COMBO,2026-08-10,11:40,Put,773,2.21,1.91,1,VWAP,-13.55,-31.27,2053.33
C_COMBO,2026-08-13,13:05,Call,777,1.95,1.7,1,VWAP,-12.85,-26.37,2026.96
C_COMBO,2026-08-17,10:20,Put,775,2.39,2.11,1,VWAP,-11.72,-29.31,1997.65
C_COMBO,2026-08-26,11:05,Call,766,2.76,2.44,1,VWAP,-11.78,-33.82,1963.83
C_COMBO,2026-08-31,10:05,Put,766,2.72,3.11,1,TP,14.26,37.49,2001.33
C_COMBO,2026-08-31,12:25,Put,765,1.81,1.57,1,VWAP,-13.42,-25.64,1975.68
C_COMBO,2026-09-02,10:05,Call,764,2.94,3.36,1,TP,14.32,40.77,2016.46
C_COMBO,2026-09-02,14:05,Call,765,1.88,2.15,1,TP,13.94,24.95,2041.41
C_COMBO,2026-09-03,11:05,Call,770,2.86,3.27,1,TP,14.3,39.67,2081.07
C_COMBO,2026-09-03,13:40,Call,773,1.83,2.09,1,TP,13.91,24.17,2105.24
C_COMBO,2026-09-08,10:05,Put,767,2.8,3.2,1,TP,14.29,38.67,2143.92
C_COMBO,2026-09-08,10:30,Put,767,2.83,2.25,1,VWAP,-20.65,-59.78,2084.13
C_COMBO,2026-09-16,10:10,Call,760,3.03,2.75,1,VWAP,-9.35,-29.64,2054.5
C_COMBO,2026-09-17,10:20,Call,761,3.48,3.18,1,VWAP,-8.7,-31.61,2022.89
C_COMBO,2026-09-18,12:15,Put,759,2.21,2.52,1,TP,14.09,29.81,2052.7
C_COMBO,2026-09-18,13:40,Call,760,1.66,1.53,1,VWAP,-7.73,-14.14,2038.56
C_COMBO,2026-09-22,10:30,Put,774,2.87,2.13,1,SL,-25.7,-74.97,1963.59
C_COMBO,2026-09-23,10:05,Put,770,2.35,2.69,1,TP,14.15,32.02,1995.61
C_COMBO,2026-09-24,10:55,Put,765,2.61,2.98,1,TP,14.23,35.9,2031.5
C_COMBO,2026-09-24,12:20,Call,767,2.18,2.48,1,TP,14.08,29.35,2060.86
C_COMBO,2026-09-25,10:30,Put,767,2.55,1.9,1,SL,-25.78,-67.17,1993.69
C_COMBO,2026-09-28,10:05,Put,768,2.84,3.25,1,TP,14.3,39.34,2033.03
C_COMBO,2026-09-28,12:25,Call,768,2.09,2.38,1,TP,14.04,28.05,2061.08
C_COMBO,2026-10-01,12:35,Call,762,2.49,1.84,1,SL,-25.8,-65.45,1995.63
C_COMBO,2026-10-02,10:05,Call,772,2.92,2.33,1,VWAP,-20.08,-59.93,1935.7
C_COMBO,2026-10-05,10:05,Call,771,2.87,3.28,1,TP,14.3,39.68,1975.38
C_COMBO,2026-10-06,13:05,Put,780,2.08,2.37,1,TP,14.04,27.9,2003.28
C_COMBO,2026-10-07,10:05,Put,775,2.98,2.52,1,VWAP,-15.48,-47.45,1955.83
