cp,strike,t,o,h,l,c,v
P,660,1758115800000,2.23,2.24,1.94,2.01,5740
P,660,1758116100000,1.99,2.12,1.91,2.04,4517
P,660,1758116400000,2.03,2.23,2.01,2.18,6944
P,660,1758116700000,2.18,2.31,1.96,2.01,5193
P,660,1758117000000,2.0,2.03,1.81,2.02,5325
P,660,1758117300000,2.02,2.26,1.96,2.21,5200
P,660,1758117600000,2.2,2.48,2.16,2.43,5338
P,660,1758117900000,2.43,2.57,2.37,2.5,4561
P,660,1758118200000,2.51,2.59,2.41,2.48,2775
P,660,1758118500000,2.46,2.69,2.4,2.58,2572
P,660,1758118800000,2.57,2.69,2.51,2.59,1349
P,660,1758119100000,2.62,2.71,2.53,2.67,1188
P,660,1758119400000,2.69,2.74,2.5,2.63,1866
P,660,1758119700000,2.62,2.71,2.57,2.58,895
P,660,1758120000000,2.57,2.69,2.49,2.68,925
P,660,1758120300000,2.66,2.75,2.6,2.69,963
P,660,1758120600000,2.65,2.81,2.54,2.56,1381
P,660,1758120900000,2.55,2.65,2.44,2.64,1784
P,660,1758121200000,2.63,2.76,2.58,2.75,1347
P,660,1758121500000,2.76,2.87,2.66,2.67,1915
P,660,1758121800000,2.67,2.78,2.53,2.55,1188
P,660,1758122100000,2.55,2.62,2.44,2.52,1105
P,660,1758122400000,2.52,2.67,2.5,2.66,1005
P,660,1758122700000,2.65,2.95,2.64,2.91,2637
P,660,1758123000000,2.9,2.95,2.77,2.79,1340
P,660,1758123300000,2.76,2.92,2.69,2.89,998
P,660,1758123600000,2.9,2.93,2.72,2.73,1839
P,660,1758123900000,2.73,2.89,2.68,2.81,1779
P,660,1758124200000,2.81,2.93,2.8,2.89,793
P,660,1758124500000,2.86,2.86,2.68,2.69,1496
P,660,1758124800000,2.7,2.85,2.67,2.82,937
P,660,1758125100000,2.82,2.89,2.72,2.89,1786
P,660,1758125400000,2.9,3.0,2.89,3.0,682
P,660,1758125700000,3.0,3.06,2.92,3.02,1492
P,660,1758126000000,3.01,3.07,2.95,2.95,336
P,660,1758126300000,2.94,3.03,2.9,2.94,425
P,660,1758126600000,2.98,3.14,2.89,3.14,912
P,660,1758126900000,3.13,3.32,3.07,3.31,686
P,660,1758127200000,3.3,3.46,3.13,3.13,536
P,660,1758127500000,3.15,3.44,3.15,3.35,236
P,660,1758127800000,3.3,3.3,3.14,3.21,116
P,660,1758128100000,3.23,3.36,3.22,3.29,151
P,660,1758128400000,3.24,3.28,3.11,3.11,116
P,660,1758128700000,3.1,3.14,2.99,3.13,650
P,660,1758129000000,3.14,3.28,3.07,3.08,383
P,660,1758129300000,3.07,3.15,3.04,3.1,506
P,660,1758129600000,3.09,3.25,3.04,3.05,393
P,660,1758129900000,3.05,3.12,2.99,3.04,141
P,660,1758130200000,3.02,3.02,2.88,2.93,385
P,660,1758130500000,2.93,2.95,2.78,2.79,396
P,660,1758130800000,2.78,2.94,2.73,2.94,475
P,660,1758131100000,2.92,3.03,2.9,2.98,247
P,660,1758131400000,2.98,3.02,2.88,2.89,352
P,660,1758131700000,2.91,2.97,2.61,2.74,866
P,660,1758132000000,2.64,2.97,1.31,1.32,7566
P,660,1758132300000,1.32,1.87,1.25,1.83,8765
P,660,1758132600000,1.83,3.27,1.68,3.27,7899
P,660,1758132900000,3.35,3.81,2.53,2.7,3413
P,660,1758133200000,2.7,3.33,2.01,2.14,2314
P,660,1758133500000,2.14,2.41,1.68,1.71,3427
P,660,1758133800000,1.7,2.91,1.6,2.8,4399
P,660,1758134100000,2.5,3.79,2.17,3.75,1716
P,660,1758134400000,3.8,4.34,2.95,3.79,1417
P,660,1758134700000,3.7,4.94,3.2,3.3,1866
P,660,1758135000000,3.65,5.66,3.52,5.66,662
P,660,1758135300000,5.26,5.26,2.82,2.84,1146
P,660,1758135600000,2.84,3.0,1.81,2.11,1815
P,660,1758135900000,1.96,2.26,1.29,1.52,4952
P,660,1758136200000,1.49,2.53,1.08,2.35,3820
P,660,1758136500000,2.25,2.25,1.1,1.5,3288
P,660,1758136800000,1.5,1.76,0.74,0.85,4547
P,660,1758137100000,0.83,1.0,0.51,0.7,7237
P,660,1758137400000,0.73,1.3,0.53,1.02,10315
P,660,1758137700000,0.98,1.03,0.51,1.0,4722
P,660,1758138000000,1.02,1.13,0.63,0.71,3610
P,660,1758138300000,0.8,1.21,0.73,0.8,2530
P,660,1758138600000,0.77,1.27,0.55,0.78,2060
P,660,1758138900000,0.81,1.53,0.45,0.7,2491
P,660,1758139200000,0.76,0.77,0.33,0.44,929
P,660,1758139500000,0.44,0.47,0.21,0.31,1676
P,660,1758139800000,0.35,0.52,0.24,0.45,857
