date,cp,strike
2024-12-05,C,608
2024-12-06,C,609
2024-12-09,P,607
2024-12-10,C,605
2024-12-11,C,606
2024-12-12,P,606
2024-12-13,P,606
2024-12-16,C,607
2024-12-17,C,605
2024-12-18,C,605
2024-12-19,P,590
2024-12-20,C,584
2024-12-23,P,590
2024-12-26,P,598
2024-12-27,P,595
2024-12-30,P,585
2024-12-31,P,588
2025-01-02,C,590
2025-01-03,C,590
2025-01-06,C,598
2025-01-07,P,594
2025-01-08,P,587
2025-01-10,P,583
2025-01-13,C,577
2025-01-14,P,583
2025-01-15,C,592
2025-01-16,P,592
2025-01-17,C,598
2025-01-21,P,599
2025-01-22,C,606
2025-01-23,C,607
2025-01-24,C,610
2025-01-27,C,599
2025-01-28,P,598
2025-01-29,C,604
2025-01-30,C,606
2025-01-31,C,608
2025-02-03,P,591
2025-02-04,C,599
2025-02-05,P,600
2025-02-06,P,605
2025-02-07,C,608
2025-02-10,C,604
2025-02-11,C,604
2025-02-12,C,601
2025-02-13,C,605
2025-02-14,C,611
2025-02-18,P,610
2025-02-19,P,610
2025-02-20,P,610
2025-02-21,P,609
2025-02-24,P,601
2025-02-25,P,596
2025-02-26,C,597
2025-02-27,P,594
2025-02-28,C,587
2025-03-03,P,594
2025-03-04,P,577
2025-03-05,P,577
2025-03-06,C,576
2025-03-07,C,575
2025-03-10,P,566
2025-03-11,C,562
2025-03-12,P,560
2025-03-13,P,557
2025-03-14,C,559
2025-03-17,C,566
2025-03-18,P,561
2025-03-19,C,563
2025-03-20,C,566
2025-03-21,C,560
2025-03-24,C,573
2025-03-25,P,574
2025-03-26,P,574
2025-03-27,C,568
2025-03-28,P,564
2025-03-31,C,551
2025-04-01,C,558
2025-04-02,C,559
2025-04-03,P,543
2025-04-04,P,518
2025-04-07,C,492
2025-04-08,C,523
2025-04-09,P,493
2025-04-10,P,528
2025-04-11,C,527
2025-04-14,P,539
2025-04-15,C,542
2025-04-16,P,530
2025-04-17,C,529
2025-04-21,P,519
2025-04-22,C,522
2025-04-23,P,539
2025-04-24,C,538
2025-04-25,P,546
2025-04-28,P,550
2025-04-29,C,551
2025-04-30,P,542
2025-05-01,P,559
2025-05-02,P,564
2025-05-05,C,563
2025-05-06,P,557
2025-05-07,C,561
2025-05-08,P,564
2025-05-09,P,566
2025-05-12,P,578
2025-05-13,C,585
2025-05-14,P,587
2025-05-15,P,585
2025-05-16,P,589
2025-05-19,C,591
2025-05-20,P,592
2025-05-21,C,590
2025-05-22,C,584
2025-05-23,C,578
2025-05-27,C,587
2025-05-28,P,591
2025-05-29,P,590
2025-05-30,P,587
2025-06-02,P,587
2025-06-03,C,593
2025-06-04,P,597
2025-06-05,P,595
2025-06-06,P,598
2025-06-09,C,600
2025-06-10,C,601
2025-06-11,C,605
2025-06-12,C,601
2025-06-13,P,598
2025-06-16,C,602
2025-06-17,C,601
2025-06-18,C,599
2025-06-20,P,597
2025-06-23,C,596
2025-06-24,C,606
2025-06-25,P,607
2025-06-26,P,609
2025-06-27,C,614
2025-06-30,P,616
2025-07-01,C,617
2025-07-02,C,618
2025-07-07,P,623
2025-07-08,P,621
2025-07-09,C,625
2025-07-10,P,623
2025-07-11,C,624
2025-07-14,C,624
2025-07-15,P,626
2025-07-16,P,623
2025-07-17,C,626
2025-07-18,P,629
2025-07-21,C,630
2025-07-22,P,628
2025-07-23,P,630
2025-07-24,C,635
2025-07-25,C,636
2025-07-28,C,638
2025-07-29,P,638
2025-07-30,C,636
2025-07-31,P,637
2025-08-01,P,621
2025-08-04,C,628
2025-08-05,P,631
2025-08-06,C,630
2025-08-07,P,636
2025-08-08,C,635
2025-08-11,C,638
2025-08-12,P,638
2025-08-13,C,646
2025-08-14,C,644
2025-08-15,P,644
2025-08-18,P,643
2025-08-19,C,644
2025-08-20,P,637
2025-08-21,P,635
2025-08-22,C,640
2025-08-25,C,644
2025-08-26,P,642
2025-08-27,C,646
2025-08-28,P,647
2025-08-29,P,646
2025-09-02,C,638
2025-09-03,P,642
2025-09-04,P,644
2025-09-05,P,651
2025-09-08,P,648
2025-09-09,P,649
2025-09-10,C,654
2025-09-11,C,655
2025-09-12,C,658
2025-09-15,C,660
2025-09-16,P,660
2025-09-17,P,660
2025-09-18,C,663
2025-09-19,C,662
2025-09-22,C,663
2025-09-23,P,666
2025-09-24,P,663
2025-09-25,C,658
2025-09-26,C,662
2025-09-29,C,665
2025-09-30,P,662
2025-10-01,C,666
2025-10-02,P,669
2025-10-03,C,671
2025-10-06,P,670
2025-10-07,P,672
2025-10-08,C,671
2025-10-09,P,672
2025-10-10,P,669
2025-10-13,C,663
2025-10-14,C,658
2025-10-15,C,668
2025-10-16,P,666
2025-10-17,C,662
2025-10-20,C,669
2025-10-21,P,671
2025-10-22,P,670
2025-10-23,C,670
2025-10-24,C,678
2025-10-27,C,683
2025-10-28,P,686
2025-10-29,C,689
2025-10-30,C,684
2025-10-31,P,683
2025-11-03,P,682
2025-11-04,C,678
2025-11-05,C,676
2025-11-06,P,675
2025-11-07,P,664
2025-11-10,P,677
2025-11-11,C,681
2025-11-12,P,683
2025-11-13,P,677
2025-11-14,C,668
2025-11-17,C,673
2025-11-18,P,660
2025-11-19,C,664
2025-11-20,C,674
2025-11-21,P,654
2025-11-24,P,662
2025-11-25,P,665
2025-11-26,C,679
2025-12-01,C,681
2025-12-02,P,682
2025-12-03,C,682
2025-12-04,P,683
2025-12-05,C,687
2025-12-08,P,685
2025-12-09,C,684
2025-12-10,C,683
2025-12-11,P,684
2025-12-12,P,687
2025-12-15,P,683
2025-12-16,C,681
2025-12-17,P,678
2025-12-18,C,679
2025-12-19,C,680
2025-12-22,P,683
2025-12-23,C,686
2025-12-26,P,690
2025-12-29,P,687
2025-12-30,C,688
2025-12-31,P,686
2026-01-02,C,686
2026-01-05,C,688
2026-01-06,C,689
2026-01-07,P,692
2026-01-08,C,690
2026-01-09,P,690
2026-01-12,C,693
2026-01-13,P,695
2026-01-14,P,689
2026-01-15,P,693
2026-01-16,P,693
2026-01-20,P,681
2026-01-21,C,681
2026-01-22,P,688
2026-01-23,C,689
2026-01-26,C,692
2026-01-27,C,694
2026-01-28,P,697
2026-01-29,P,693
2026-01-30,P,691
2026-02-02,C,693
2026-02-03,P,694
2026-02-04,P,688
2026-02-05,P,677
2026-02-06,C,686
2026-02-09,C,692
2026-02-10,C,696
2026-02-11,P,695
2026-02-12,P,693
2026-02-13,C,683
2026-02-17,P,678
2026-02-18,C,686
2026-02-19,C,685
2026-02-20,C,687
2026-02-23,P,687
2026-02-24,C,685
2026-02-25,C,692
2026-02-26,P,691
2026-02-27,C,685
2026-03-02,C,683
2026-03-03,P,672
2026-03-04,C,684
2026-03-05,C,685
2026-03-06,C,674
2026-03-09,P,663
2026-03-10,P,675
2026-03-11,P,677
2026-03-12,P,669
2026-03-13,P,669
2026-03-16,C,670
2026-03-17,C,674
2026-03-18,P,667
2026-03-19,C,658
2026-03-20,P,655
2026-03-23,C,660
2026-03-24,C,653
2026-03-25,P,658
2026-03-26,C,653
2026-03-27,P,639
2026-03-30,P,636
2026-03-31,C,642
2026-04-01,P,653
2026-04-02,C,649
2026-04-06,C,658
2026-04-07,P,655
2026-04-08,P,674
2026-04-09,P,674
2026-04-10,C,682
2026-04-13,C,679
2026-04-14,C,690
2026-04-15,C,697
2026-04-16,P,699
2026-04-17,C,708
2026-04-20,C,710
2026-04-21,C,711
2026-04-22,C,709
2026-04-23,C,711
2026-04-24,P,710
2026-04-27,P,713
2026-04-28,P,710
2026-04-29,C,711
2026-04-30,P,711
2026-05-01,C,724
2026-05-04,C,720
2026-05-05,C,723
2026-05-06,C,730
2026-05-07,P,734
2026-05-08,C,736
2026-05-11,C,739
2026-05-12,P,735
2026-05-13,P,736
2026-05-14,C,746
2026-05-15,C,742
2026-05-18,C,741
2026-05-19,C,736
2026-05-20,C,737
2026-05-21,C,740
2026-05-22,P,746
2026-05-26,C,751
2026-05-27,P,749
2026-05-28,C,751
2026-05-29,C,758
2026-06-01,C,757
2026-06-02,C,758
2026-06-03,P,755
2026-06-04,C,754
2026-06-05,P,749
2026-06-08,P,741
2026-06-09,C,747
2026-06-10,C,737
2026-06-11,C,731
2026-06-12,P,736
2026-06-15,C,754
2026-06-16,P,754
2026-06-17,P,750
2026-06-22,C,750
2026-06-23,C,736
2026-06-24,C,737
2026-06-25,P,733
2026-06-26,C,731
2026-06-29,P,735
2026-06-30,C,743
2026-07-01,C,745
2026-07-02,C,750
2026-07-06,C,750
2026-07-07,P,749
2026-07-08,P,742
2026-07-09,C,749
2026-07-10,P,751
2026-07-13,P,752
2026-07-14,C,752
2026-07-15,P,754
2026-07-16,P,751
2026-07-17,C,743
2026-07-20,P,746
2026-07-21,C,747
2026-07-22,C,748
2026-07-23,P,738
2026-07-24,C,740
2026-07-27,P,742
2026-07-28,P,736
2026-07-29,P,738
2026-07-30,C,737
2026-07-31,P,742
2026-08-03,C,753
2026-08-04,C,763
2026-08-05,P,775
2026-08-06,C,771
2026-08-07,P,770
2026-08-10,C,774
2026-08-11,P,773
2026-08-12,P,772
2026-08-13,C,777
2026-08-14,P,778
2026-08-17,P,775
2026-08-18,P,768
2026-08-19,P,769
2026-08-20,P,765
2026-08-21,P,764
2026-08-24,C,765
2026-08-25,P,766
2026-08-26,C,767
2026-08-27,C,769
2026-08-28,P,771
2026-08-31,P,765
2026-09-01,C,763
2026-09-02,C,763
2026-09-03,P,768
2026-09-04,P,772
2026-09-08,P,767
2026-09-09,P,763
2026-09-10,P,757
2026-09-11,C,766
2026-09-14,C,760
2026-09-15,P,758
2026-09-16,C,760
2026-09-17,P,760
2026-09-18,P,760
2026-09-21,C,767
2026-09-22,P,774
2026-09-23,P,771
2026-09-24,C,765
2026-09-25,C,770
2026-09-28,P,766
2026-09-29,P,765
2026-09-30,C,767
2026-10-01,P,763
2026-10-02,C,772
2026-10-05,C,772
2026-10-06,C,779
2026-10-07,P,774
2026-10-08,C,775
2026-10-09,C,777
