Date,Open,Close
2023-10-09,19.54,17.7
2023-10-10,17.7,17.03
2023-10-11,16.95,16.09
2023-10-12,16.08,16.69
2023-10-13,16.53,19.32
2023-10-16,19.1,17.21
2023-10-17,17.41,17.88
2023-10-18,18.36,19.22
2023-10-19,19.73,21.4
2023-10-20,21.59,21.71
2023-10-23,21.83,20.37
2023-10-24,20.03,18.97
2023-10-25,19.39,20.19
2023-10-26,21.78,20.68
2023-10-27,20.39,21.27
2023-10-30,21.13,19.75
2023-10-31,19.86,18.14
2023-11-01,18.02,16.87
2023-11-02,16.59,15.66
2023-11-03,15.7,14.91
2023-11-06,15.39,14.89
2023-11-07,15.1,14.81
2023-11-08,14.91,14.45
2023-11-09,14.61,15.29
2023-11-10,15.09,14.17
2023-11-13,15.16,14.76
2023-11-14,14.83,14.16
2023-11-15,14.21,14.18
2023-11-16,14.12,14.32
2023-11-17,14.18,13.8
2023-11-20,14.26,13.41
2023-11-21,13.45,13.35
2023-11-22,13.08,12.85
2023-11-24,13.03,12.46
2023-11-27,13.14,12.69
2023-11-28,12.78,12.69
2023-11-29,12.71,12.98
2023-11-30,13.07,12.92
2023-12-01,12.94,12.63
2023-12-04,13.28,13.08
2023-12-05,13.26,12.85
2023-12-06,12.78,12.97
2023-12-07,13.17,13.06
2023-12-08,13.14,12.35
2023-12-11,13.05,12.63
2023-12-12,12.69,12.07
2023-12-13,12.2,12.19
2023-12-14,11.96,12.48
2023-12-15,12.12,12.28
2023-12-18,12.62,12.56
2023-12-19,12.6,12.53
2023-12-20,12.63,13.67
2023-12-21,13.4,13.65
2023-12-22,13.72,13.03
2023-12-26,13.77,12.99
2023-12-27,13.02,12.43
2023-12-28,12.44,12.47
2023-12-29,12.55,12.45
2024-01-02,13.22,13.2
2024-01-03,13.35,14.04
2024-01-04,13.93,14.13
2024-01-05,14.24,13.35
2024-01-08,14.0,13.08
2024-01-09,13.2,12.76
2024-01-10,12.86,12.69
2024-01-11,12.64,12.44
2024-01-12,12.66,12.7
2024-01-16,14.12,13.84
2024-01-17,14.59,14.79
2024-01-18,14.85,14.13
2024-01-19,13.8,13.3
2024-01-22,13.77,13.19
2024-01-23,13.2,12.55
2024-01-24,12.66,13.14
2024-01-25,13.18,13.45
2024-01-26,13.73,13.26
2024-01-29,13.98,13.6
2024-01-30,13.69,13.31
2024-01-31,13.42,14.35
2024-02-01,14.21,13.88
2024-02-02,13.95,13.85
2024-02-05,14.37,13.67
2024-02-06,13.57,13.06
2024-02-07,13.06,12.83
2024-02-08,12.95,12.79
2024-02-09,12.79,12.93
2024-02-12,13.48,13.93
2024-02-13,13.96,15.85
2024-02-14,15.38,14.38
2024-02-15,14.27,14.01
2024-02-16,13.94,14.24
2024-02-20,15.09,15.42
2024-02-21,15.54,15.34
2024-02-22,14.28,14.54
2024-02-23,14.31,13.75
2024-02-26,14.17,13.74
2024-02-27,13.63,13.43
2024-02-28,13.52,13.84
2024-02-29,14.14,13.4
2024-03-01,13.34,13.11
2024-03-04,13.49,13.49
2024-03-05,13.75,14.46
2024-03-06,14.27,14.5
2024-03-07,14.98,14.44
2024-03-08,14.22,14.74
2024-03-11,15.51,15.22
2024-03-12,14.97,13.84
2024-03-13,13.89,13.75
2024-03-14,13.62,14.4
2024-03-15,14.33,14.41
2024-03-18,14.75,14.33
2024-03-19,14.5,13.82
2024-03-20,13.83,13.04
2024-03-21,12.98,12.92
2024-03-22,12.92,13.06
2024-03-25,13.67,13.19
2024-03-26,13.12,13.24
2024-03-27,13.13,12.78
2024-03-28,12.93,13.01
2024-04-01,13.61,13.65
2024-04-02,13.74,14.61
2024-04-03,15.0,14.33
2024-04-04,14.29,16.35
2024-04-05,16.45,16.03
2024-04-08,16.24,15.19
2024-04-09,15.34,14.98
2024-04-10,15.24,15.8
2024-04-11,16.02,14.91
2024-04-12,14.91,17.31
2024-04-15,16.94,19.23
2024-04-16,19.49,18.4
2024-04-17,18.24,18.21
2024-04-18,17.91,18.0
2024-04-19,21.33,18.71
2024-04-22,18.59,16.94
2024-04-23,16.72,15.69
2024-04-24,15.76,15.97
2024-04-25,16.25,15.37
2024-04-26,15.49,15.03
2024-04-29,15.37,14.67
2024-04-30,14.82,15.65
2024-05-01,15.75,15.39
2024-05-02,15.14,14.68
2024-05-03,14.51,13.49
2024-05-06,13.98,13.49
2024-05-07,13.52,13.23
2024-05-08,13.24,13.0
2024-05-09,13.08,12.69
2024-05-10,12.77,12.55
2024-05-13,13.26,13.6
2024-05-14,13.71,13.42
2024-05-15,13.73,12.45
2024-05-16,12.52,12.42
2024-05-17,12.28,11.99
2024-05-20,12.27,12.15
2024-05-21,12.3,11.86
2024-05-22,12.05,12.29
2024-05-23,11.53,12.77
2024-05-24,12.86,11.93
2024-05-28,12.51,12.92
2024-05-29,13.75,14.28
2024-05-30,14.82,14.47
2024-05-31,14.5,12.92
2024-06-03,13.08,13.11
2024-06-04,13.51,13.16
2024-06-05,13.14,12.63
2024-06-06,12.75,12.58
2024-06-07,12.69,12.22
2024-06-10,13.09,12.74
2024-06-11,12.85,12.85
2024-06-12,13.1,12.04
2024-06-13,12.05,11.94
2024-06-14,12.22,12.66
2024-06-17,13.07,12.75
2024-06-18,12.7,12.3
2024-06-20,12.5,13.28
2024-06-21,13.22,13.2
2024-06-24,13.85,13.33
2024-06-25,13.48,12.84
2024-06-26,12.81,12.55
2024-06-27,12.69,12.24
2024-06-28,12.24,12.44
2024-07-01,12.98,12.22
2024-07-02,12.67,12.03
2024-07-03,12.13,12.09
2024-07-05,12.37,12.48
2024-07-08,12.91,12.37
2024-07-09,12.48,12.51
2024-07-10,12.51,12.85
2024-07-11,12.88,12.92
2024-07-12,12.87,12.46
2024-07-15,12.78,13.12
2024-07-16,13.38,13.19
2024-07-17,13.6,14.48
2024-07-18,14.27,15.93
2024-07-19,16.44,16.52
2024-07-22,16.79,14.91
2024-07-23,15.21,14.72
2024-07-24,15.35,18.04
2024-07-25,18.41,18.46
2024-07-26,17.97,16.39
2024-07-29,16.59,16.6
2024-07-30,16.64,17.69
2024-07-31,16.66,16.36
2024-08-01,16.2,18.59
2024-08-02,20.52,23.39
2024-08-05,23.39,38.57
2024-08-06,33.71,27.71
2024-08-07,24.77,27.85
2024-08-08,28.34,23.79
2024-08-09,23.78,20.37
2024-08-12,20.79,20.71
2024-08-13,20.06,18.12
2024-08-14,18.41,16.19
2024-08-15,16.27,15.23
2024-08-16,15.29,14.8
2024-08-19,15.94,14.65
2024-08-20,14.89,15.88
2024-08-21,16.25,16.27
2024-08-22,16.27,17.55
2024-08-23,17.12,15.86
2024-08-26,16.27,16.15
2024-08-27,16.21,15.43
2024-08-28,15.51,17.11
2024-08-29,16.54,15.65
2024-08-30,15.67,15.0
2024-09-03,15.76,20.72
2024-09-04,23.2,21.32
2024-09-05,20.75,19.9
2024-09-06,21.98,22.38
2024-09-09,21.32,19.45
2024-09-10,19.86,19.08
2024-09-11,19.41,17.69
2024-09-12,17.62,17.07
2024-09-13,17.03,16.56
2024-09-16,17.16,17.14
2024-09-17,17.16,17.61
2024-09-18,17.58,18.23
2024-09-19,17.21,16.33
2024-09-20,16.35,16.15
2024-09-23,16.71,15.89
2024-09-24,15.87,15.39
2024-09-25,15.82,15.41
2024-09-26,15.06,15.37
2024-09-27,15.64,16.96
2024-09-30,17.01,16.73
2024-10-01,16.96,19.26
2024-10-02,19.65,18.9
2024-10-03,19.63,20.49
2024-10-04,20.48,19.21
2024-10-07,20.76,22.64
2024-10-08,22.92,21.42
2024-10-09,21.98,20.86
2024-10-10,20.91,20.93
2024-10-11,20.87,20.46
2024-10-14,20.86,19.7
2024-10-15,19.61,20.64
2024-10-16,20.77,19.58
2024-10-17,19.55,19.11
2024-10-18,19.3,18.03
2024-10-21,18.78,18.37
2024-10-22,18.79,18.2
2024-10-23,18.21,19.24
2024-10-24,18.87,19.08
2024-10-25,19.22,20.33
2024-10-28,19.11,19.8
2024-10-29,19.75,19.34
2024-10-30,19.33,20.35
2024-10-31,21.44,23.16
2024-11-01,22.96,21.88
2024-11-04,22.5,21.98
2024-11-05,21.98,20.49
2024-11-06,16.06,16.27
2024-11-07,15.86,15.2
2024-11-08,15.13,14.94
2024-11-11,15.33,14.97
2024-11-12,15.09,14.71
2024-11-13,15.09,14.02
2024-11-14,14.17,14.31
2024-11-15,15.02,16.14
2024-11-18,16.6,15.58
2024-11-19,15.44,16.35
2024-11-20,16.19,17.16
2024-11-21,17.1,16.87
2024-11-22,16.67,15.24
2024-11-25,15.23,14.6
2024-11-26,14.95,14.1
2024-11-27,14.28,14.1
2024-11-29,14.0,13.51
2024-12-02,14.08,13.34
2024-12-03,13.38,13.3
2024-12-04,13.16,13.45
2024-12-05,13.46,13.54
2024-12-06,13.62,12.77
2024-12-09,13.36,14.19
2024-12-10,14.3,14.18
2024-12-11,14.42,13.58
2024-12-12,13.73,13.92
2024-12-13,13.57,13.81
2024-12-16,14.37,14.69
2024-12-17,14.98,15.87
2024-12-18,15.57,27.62
2024-12-19,21.61,24.09
2024-12-20,24.14,18.36
2024-12-23,18.09,16.78
2024-12-24,16.97,14.27
2024-12-26,14.99,14.73
2024-12-27,15.38,15.95
2024-12-30,17.21,17.4
2024-12-31,17.39,17.35
2025-01-02,17.21,17.93
2025-01-03,17.66,16.13
2025-01-06,16.77,16.04
2025-01-07,16.48,17.82
2025-01-08,17.91,17.7
2025-01-10,18.29,19.54
2025-01-13,21.18,19.19
2025-01-14,18.79,18.71
2025-01-15,19.08,16.12
2025-01-16,15.87,16.6
2025-01-17,16.19,15.97
2025-01-21,16.29,15.06
2025-01-22,14.89,15.1
2025-01-23,15.28,15.02
2025-01-24,15.02,14.85
2025-01-27,18.83,17.9
2025-01-28,18.29,16.41
2025-01-29,16.42,16.56
2025-01-30,15.93,15.84
2025-01-31,15.45,16.43
2025-02-03,20.36,18.62
2025-02-04,18.78,17.21
2025-02-05,17.54,15.77
2025-02-06,15.88,15.5
2025-02-07,15.38,16.54
2025-02-10,16.58,15.81
2025-02-11,16.13,16.02
2025-02-12,15.91,15.89
2025-02-13,15.97,15.1
2025-02-14,15.08,14.77
2025-02-18,15.57,15.35
2025-02-19,15.14,15.27
2025-02-20,15.61,15.66
2025-02-21,15.63,18.21
2025-02-24,18.08,18.98
2025-02-25,19.09,19.43
2025-02-26,18.96,19.1
2025-02-27,18.25,21.13
2025-02-28,21.21,19.63
2025-03-03,19.83,22.78
2025-03-04,22.96,23.51
2025-03-05,23.03,21.93
2025-03-06,22.6,24.87
2025-03-07,24.85,23.37
2025-03-10,24.7,27.86
2025-03-11,27.94,26.92
2025-03-12,26.88,24.23
2025-03-13,24.92,24.66
2025-03-14,24.35,21.77
2025-03-17,22.89,20.51
2025-03-18,20.83,21.7
2025-03-19,21.84,19.9
2025-03-20,19.52,19.8
2025-03-21,20.02,19.28
2025-03-24,19.13,17.48
2025-03-25,17.58,17.15
2025-03-26,17.23,18.33
2025-03-27,18.36,18.69
2025-03-28,19.08,21.65
2025-03-31,24.11,22.28
2025-04-01,22.06,21.77
2025-04-02,22.3,21.51
2025-04-03,26.38,30.02
2025-04-04,30.12,45.31
2025-04-07,60.13,46.98
2025-04-08,44.04,52.33
2025-04-09,50.98,33.62
2025-04-10,34.44,40.72
2025-04-11,40.8,37.56
2025-04-14,34.76,30.89
2025-04-15,30.01,30.12
2025-04-16,33.24,32.64
2025-04-17,30.79,29.65
2025-04-21,32.75,33.82
2025-04-22,32.61,30.57
2025-04-23,28.75,28.45
2025-04-24,28.69,26.47
2025-04-25,26.22,24.84
2025-04-28,25.75,25.15
2025-04-29,24.76,24.17
2025-04-30,24.35,24.7
2025-05-01,23.94,24.6
2025-05-02,23.63,22.68
2025-05-05,24.25,23.64
2025-05-06,23.97,24.76
2025-05-07,24.56,23.55
2025-05-08,22.84,22.48
2025-05-09,22.4,21.9
2025-05-12,19.84,18.39
2025-05-13,18.69,18.22
2025-05-14,18.1,18.62
2025-05-15,19.19,17.83
2025-05-16,17.96,17.24
2025-05-19,19.84,18.14
2025-05-20,18.46,18.09
2025-05-21,18.77,20.87
2025-05-22,20.62,20.28
2025-05-23,20.14,22.29
2025-05-27,20.63,18.96
2025-05-28,19.21,19.31
2025-05-29,18.25,19.18
2025-05-30,19.61,18.57
2025-06-02,19.81,18.36
2025-06-03,18.83,17.69
2025-06-04,17.68,17.61
2025-06-05,17.68,18.48
2025-06-06,18.16,16.77
2025-06-09,17.69,17.16
2025-06-10,17.5,16.95
2025-06-11,17.04,17.26
2025-06-12,17.87,18.02
2025-06-13,21.76,20.82
2025-06-16,19.78,19.11
2025-06-17,20.53,21.6
2025-06-18,20.9,20.14
2025-06-20,20.74,20.62
2025-06-23,21.15,19.83
2025-06-24,18.19,17.48
2025-06-25,17.28,16.76
2025-06-26,16.67,16.59
2025-06-27,16.31,16.32
2025-06-30,17.19,16.73
2025-07-01,16.98,16.83
2025-07-02,16.75,16.64
2025-07-03,16.65,16.38
2025-07-07,17.83,17.79
2025-07-08,17.41,16.81
2025-07-09,16.76,15.94
2025-07-10,16.23,15.78
2025-07-11,16.41,16.4
2025-07-14,17.73,17.2
2025-07-15,16.89,17.38
2025-07-16,17.66,17.16
2025-07-17,17.16,16.52
2025-07-18,16.43,16.41
2025-07-21,16.87,16.65
2025-07-22,16.75,16.5
2025-07-23,16.23,15.37
2025-07-24,15.39,15.39
2025-07-25,15.33,14.93
2025-07-28,15.15,15.03
2025-07-29,14.95,15.98
2025-07-30,15.87,15.48
2025-07-31,14.99,16.72
2025-08-01,17.4,20.38
2025-08-04,19.56,17.52
2025-08-05,17.21,17.85
2025-08-06,17.22,16.77
2025-08-07,16.41,16.57
2025-08-08,16.48,15.15
2025-08-11,15.81,16.25
2025-08-12,16.09,14.73
2025-08-13,14.62,14.49
2025-08-14,14.66,14.83
2025-08-15,14.43,15.09
2025-08-18,15.73,14.99
2025-08-19,15.23,15.57
2025-08-20,15.95,15.69
2025-08-21,15.72,16.6
2025-08-22,16.81,14.22
2025-08-25,15.05,14.79
2025-08-26,15.75,14.62
2025-08-27,14.66,14.85
2025-08-28,14.42,14.43
2025-08-29,14.31,15.36
2025-09-02,16.65,17.17
2025-09-03,17.4,16.35
2025-09-04,16.22,15.3
2025-09-05,15.23,15.18
2025-09-08,15.58,15.11
2025-09-09,15.02,15.04
2025-09-10,14.98,15.35
2025-09-11,15.19,14.71
2025-09-12,14.62,14.76
2025-09-15,15.14,15.69
2025-09-16,15.6,16.36
2025-09-17,16.42,15.72
2025-09-18,14.93,15.7
2025-09-19,15.76,15.45
2025-09-22,16.14,16.1
2025-09-23,16.1,16.64
2025-09-24,16.57,16.18
2025-09-25,16.55,16.74
2025-09-26,16.89,15.29
2025-09-29,15.84,16.12
2025-09-30,16.49,16.28
2025-10-01,17.28,16.29
2025-10-02,16.12,16.63
2025-10-03,16.35,16.65
2025-10-06,16.74,16.37
2025-10-07,16.58,17.24
2025-10-08,17.17,16.3
2025-10-09,16.31,16.43
2025-10-10,16.36,21.66
2025-10-13,19.45,19.03
2025-10-14,21.46,20.81
2025-10-15,20.02,20.64
2025-10-16,20.49,25.31
2025-10-17,28.41,20.78
2025-10-20,20.53,18.23
2025-10-21,18.65,17.87
2025-10-22,17.84,18.6
2025-10-23,18.36,17.3
2025-10-24,17.02,16.37
2025-10-27,15.73,15.79
2025-10-28,15.95,16.42
2025-10-29,16.34,16.92
2025-10-30,16.26,16.91
2025-10-31,16.43,17.44
2025-11-03,18.06,17.17
2025-11-04,19.73,19.0
2025-11-05,19.37,18.01
2025-11-06,18.36,19.5
2025-11-07,19.52,19.08
2025-11-10,18.58,17.6
2025-11-11,17.9,17.28
2025-11-12,17.21,17.51
2025-11-13,17.61,20.0
2025-11-14,21.33,19.83
2025-11-17,19.58,22.38
2025-11-18,23.54,24.69
2025-11-19,24.52,23.66
2025-11-20,20.78,26.42
2025-11-21,25.97,23.43
2025-11-24,22.69,20.52
2025-11-25,20.55,18.56
2025-11-26,18.25,17.19
2025-11-28,17.41,16.35
2025-12-01,18.05,17.24
2025-12-02,17.28,16.59
2025-12-03,16.43,16.08
2025-12-04,16.23,15.78
2025-12-05,15.58,15.41
2025-12-08,16.15,16.66
2025-12-09,16.66,16.93
2025-12-10,16.94,15.77
2025-12-11,16.84,14.85
2025-12-12,14.99,15.74
2025-12-15,16.51,16.5
2025-12-16,17.28,16.48
2025-12-17,16.45,17.62
2025-12-18,17.61,16.87
2025-12-19,16.31,14.91
2025-12-22,15.16,14.08
2025-12-23,14.09,14.0
2025-12-24,14.09,13.47
2025-12-26,14.12,13.6
2025-12-29,14.69,14.2
2025-12-30,14.43,14.33
2025-12-31,14.77,14.95
2026-01-02,14.85,14.51
2026-01-05,15.14,14.9
2026-01-06,15.0,14.75
2026-01-07,14.95,15.38
2026-01-08,15.69,15.45
2026-01-09,15.68,14.49
2026-01-12,16.06,15.12
2026-01-13,15.36,15.98
2026-01-14,16.33,16.75
2026-01-15,16.52,15.84
2026-01-16,15.44,15.86
2026-01-20,19.94,20.09
2026-01-21,19.31,16.9
2026-01-22,16.65,15.64
2026-01-23,15.68,16.09
2026-01-26,16.9,16.15
2026-01-27,16.02,16.35
2026-01-28,16.09,16.35
2026-01-29,16.04,16.88
2026-01-30,18.72,17.44
2026-02-02,19.95,16.34
2026-02-03,16.16,18.0
2026-02-04,17.63,18.64
2026-02-05,19.24,21.77
2026-02-06,21.24,20.37
2026-02-09,17.95,17.36
2026-02-10,17.47,17.79
2026-02-11,17.87,17.65
2026-02-12,17.44,20.82
2026-02-13,21.48,20.6
2026-02-17,21.74,20.29
2026-02-18,19.78,19.62
2026-02-19,19.34,20.23
2026-02-20,20.04,19.09
2026-02-23,20.49,21.01
2026-02-24,21.24,19.55
2026-02-25,19.59,17.93
2026-02-26,18.07,18.63
2026-02-27,19.28,19.86
2026-03-02,24.66,21.44
2026-03-03,24.57,23.57
2026-03-04,24.39,21.15
2026-03-05,22.11,23.75
2026-03-06,23.2,29.49
2026-03-09,35.12,25.5
2026-03-10,24.39,24.93
2026-03-11,24.9,24.23
2026-03-12,25.48,27.29
2026-03-13,27.85,27.19
2026-03-16,25.88,23.51
2026-03-17,24.56,22.37
2026-03-18,21.51,25.09
2026-03-19,25.6,24.06
2026-03-20,24.46,26.78
2026-03-23,30.04,26.15
2026-03-24,25.91,26.95
2026-03-25,25.79,25.33
2026-03-26,26.49,27.44
2026-03-27,27.54,31.05
2026-03-30,30.79,30.61
2026-03-31,29.53,25.25
2026-04-01,24.3,24.54
2026-04-02,26.78,23.87
2026-04-06,24.93,24.17
2026-04-07,25.09,25.78
2026-04-08,20.97,21.04
2026-04-09,21.25,19.49
2026-04-10,19.71,19.23
2026-04-13,21.17,19.12
2026-04-14,18.73,18.36
2026-04-15,18.18,18.17
2026-04-16,18.04,17.94
2026-04-17,18.18,17.48
2026-04-20,19.58,18.87
2026-04-21,19.18,19.5
2026-04-22,19.03,18.92
2026-04-23,19.42,19.31
2026-04-24,18.89,18.71
2026-04-27,19.21,18.02
2026-04-28,18.3,17.83
2026-04-29,17.83,18.81
2026-04-30,18.68,16.89
2026-05-01,17.01,16.99
2026-05-04,17.38,18.29
2026-05-05,17.95,17.38
2026-05-06,17.15,17.39
2026-05-07,17.53,17.08
2026-05-08,17.37,17.19
2026-05-11,18.21,18.38
2026-05-12,18.77,17.99
2026-05-13,17.98,17.87
2026-05-14,17.86,17.26
2026-05-15,18.07,18.43
2026-05-18,19.25,17.82
2026-05-19,18.01,18.06
2026-05-20,18.17,17.44
2026-05-21,17.58,16.76
2026-05-22,16.83,16.7
2026-05-25,16.81,16.59
2026-05-26,16.92,17.01
2026-05-27,17.01,16.29
2026-05-28,16.76,15.74
2026-05-29,15.81,15.32
2026-06-01,15.88,16.05
2026-06-02,16.28,15.77
2026-06-03,15.97,16.06
2026-06-04,16.33,15.4
2026-06-05,15.87,21.51
2026-06-08,20.29,18.92
2026-06-09,18.19,19.87
2026-06-10,20.1,22.22
2026-06-11,21.25,19.44
2026-06-12,19.51,17.68
2026-06-15,16.78,16.2
2026-06-16,16.2,16.41
2026-06-17,16.08,18.44
2026-06-18,17.23,16.4
2026-06-22,17.48,17.28
2026-06-23,19.67,19.49
2026-06-24,19.13,18.63
2026-06-25,18.11,18.89
2026-06-26,19.7,18.41
2026-06-29,18.6,17.65
2026-06-30,17.54,16.45
2026-07-01,17.11,16.59
2026-07-02,17.05,16.15
2026-07-06,16.4,15.57
2026-07-07,15.87,16.13
2026-07-08,16.55,16.9
2026-07-09,16.58,15.84
2026-07-10,16.06,15.03
2026-07-13,16.32,17.16
2026-07-14,17.21,16.5
2026-07-15,16.2,15.67
2026-07-16,15.82,16.73
2026-07-17,18.01,18.77
2026-07-20,18.9,18.65
2026-07-21,17.48,17.05
2026-07-22,17.42,16.64
2026-07-23,17.67,18.7
2026-07-24,18.96,18.58
2026-07-27,17.62,18.67
2026-07-28,19.05,18.21
2026-07-29,18.27,20.66
2026-07-30,19.56,17.09
2026-07-31,16.82,15.99
2026-08-03,16.03,15.86
2026-08-04,15.76,16.5
2026-08-05,16.15,15.81
2026-08-06,15.83,15.15
2026-08-07,15.3,14.9
2026-08-10,15.4,15.46
2026-08-11,15.42,15.28
2026-08-12,15.28,14.55
2026-08-13,14.68,14.63
2026-08-14,14.64,14.25
2026-08-17,14.98,15.19
2026-08-18,15.81,15.84
2026-08-19,15.92,14.89
2026-08-20,14.91,16.01
2026-08-21,15.82,15.13
2026-08-24,15.9,15.85
2026-08-25,15.71,15.45
2026-08-26,15.65,15.21
2026-08-27,14.92,14.51
2026-08-28,14.57,14.43
2026-08-31,15.24,14.92
2026-09-01,14.95,16.34
2026-09-02,16.39,15.2
2026-09-03,15.25,14.32
2026-09-04,14.15,14.53
2026-09-07,15.02,15.3
2026-09-08,15.56,15.72
2026-09-09,15.65,16.46
2026-09-10,16.31,17.84
2026-09-11,17.51,15.84
2026-09-14,17.5,17.1
2026-09-15,17.57,17.2
2026-09-16,16.91,17.71
2026-09-17,16.03,15.44
2026-09-18,15.07,14.81
2026-09-21,14.96,14.87
2026-09-22,14.64,14.21
2026-09-23,14.16,15.18
2026-09-24,15.83,15.67
2026-09-25,15.61,14.87
2026-09-28,16.16,16.07
2026-09-29,16.17,16.04
2026-09-30,15.93,16.34
2026-10-01,16.33,16.39
2026-10-02,16.15,15.31
2026-10-05,16.24,15.52
2026-10-06,15.5,15.01
2026-10-07,15.21,15.08
2026-10-08,15.68,15.41
2026-10-09,15.34,14.84
