ticker,discovery_date,discovery_price,kind,reason,last_checked_date,last_price
CHSN,2026-08-05,1.05,result,passed,2026-09-03,1.0772
INLF,2026-08-05,3.18,near_miss,صعد 55.3% بعد التقسيم (الحد المسموح 50%),2026-09-03,3.93
JBDI,2026-08-05,1.46,near_miss,صعد 57.6% بعد التقسيم (الحد المسموح 50%),2026-09-03,1.36
FFAI,2026-08-05,5.08,near_miss,صعد 57.9% بعد التقسيم (الحد المسموح 50%),2026-09-03,1.9
PAVS,2026-08-05,4.9,near_miss,صعد 61.3% بعد التقسيم (الحد المسموح 50%),2026-09-03,4.92
DKI,2026-08-05,3.79,near_miss,صعد 62.7% بعد التقسيم (الحد المسموح 50%),2026-09-03,2.92
RETO,2026-08-05,2.9,near_miss,صعد 62.8% بعد التقسيم (الحد المسموح 50%),2026-09-03,1.255
WXM,2026-08-05,3.37,near_miss,صعد 65.0% بعد التقسيم (الحد المسموح 50%),2026-09-03,4.18
CGTL,2026-08-05,4.09,near_miss,عدد ارتدادات الدعم 2 فقط (المطلوب 3),2026-09-03,4.45
ZOOZ,2026-08-05,5.245,near_miss,عدد ارتدادات الدعم 2 فقط (المطلوب 3),2026-09-03,6.5
UPLD,2026-08-05,4.56,near_miss,عدد ارتدادات الدعم 2 فقط (المطلوب 3),2026-09-03,4.11
BMGL,2026-08-05,5.6701,near_miss,عدد ارتدادات الدعم 2 فقط (المطلوب 3),2026-09-03,4.94
PRHI,2026-08-05,5.2,near_miss,عدد ارتدادات الدعم 2 فقط (المطلوب 3),2026-09-03,6.45
MSS,2026-08-05,1.49,near_miss,صعد 31.5% بعد التقسيم (الحد المسموح 30%),2026-09-03,1.46
PSQH,2026-08-05,4.8,near_miss,صعد 32.0% بعد التقسيم (الحد المسموح 30%),2026-09-03,5.515
BNZI,2026-08-05,1.9,near_miss,صعد 34.2% بعد التقسيم (الحد المسموح 30%),2026-09-03,1.94
RPGL,2026-08-05,1.82,near_miss,صعد 34.6% بعد التقسيم (الحد المسموح 30%),2026-09-03,1.46
CETX,2026-08-05,2.83,near_miss,صعد 35.9% بعد التقسيم (الحد المسموح 30%),2026-09-03,2.56
JZ,2026-08-05,2.3,near_miss,صعد 37.5% بعد التقسيم (الحد المسموح 30%),2026-09-03,1.08
AIXI,2026-08-05,1.04,near_miss,صعد 38.7% بعد التقسيم (الحد المسموح 30%),2026-09-03,0.466
LZMH,2026-08-05,1.19,near_miss,صعد 43.2% بعد التقسيم (الحد المسموح 30%),2026-09-03,1.19
APUS,2026-08-05,4.92,near_miss,صعد 46.5% بعد التقسيم (الحد المسموح 30%),2026-09-03,2.71
SHPH,2026-08-05,3.65,near_miss,صعد 47.1% بعد التقسيم (الحد المسموح 30%),2026-09-03,3.65
NEXR,2026-08-05,3.01,near_miss,صعد 49.6% بعد التقسيم (الحد المسموح 30%),2026-09-03,1.84
OPTH,2026-08-05,4.77,near_miss,عدد ارتدادات الدعم 4 فقط (المطلوب 5),2026-09-03,4.87
SILO,2026-08-05,4.6,near_miss,عدد ارتدادات الدعم 4 فقط (المطلوب 5),2026-09-03,2.49
GMM,2026-08-05,2.87,near_miss,صعد 101.0% بعد التقسيم (الحد المسموح 100%),2026-09-03,2.21
YAAS,2026-08-05,2.26,near_miss,صعد 104.1% بعد التقسيم (الحد المسموح 100%),2026-09-03,1.78
EDBL,2026-08-05,1.91,near_miss,صعد 104.8% بعد التقسيم (الحد المسموح 100%),2026-09-03,1.485
CDTG,2026-08-05,1.17,near_miss,صعد 110.0% بعد التقسيم (الحد المسموح 100%),2026-09-03,0.9632
TJGC,2026-08-05,4.12,result,passed,2026-09-03,10.04
AVX,2026-08-05,3.14,near_miss,صعد 20.2% بعد التقسيم (الحد المسموح 20%),2026-09-03,3.635
ZNB,2026-08-05,2.81,near_miss,صعد 20.4% بعد التقسيم (الحد المسموح 20%),2026-09-03,1.65
YMAT,2026-08-05,2.09,near_miss,صعد 20.5% بعد التقسيم (الحد المسموح 20%),2026-09-03,1.9
HKIT,2026-08-05,2.9,near_miss,صعد 22.9% بعد التقسيم (الحد المسموح 20%),2026-09-03,2.85
PRTS,2026-08-05,5.67,near_miss,صعد 22.9% بعد التقسيم (الحد المسموح 20%),2026-09-03,7.985
CDLX,2026-08-05,4.09,near_miss,صعد 23.1% بعد التقسيم (الحد المسموح 20%),2026-09-03,3.725
SMSI,2026-08-05,2.86,near_miss,صعد 24.7% بعد التقسيم (الحد المسموح 20%),2026-09-03,2.85
GNPX,2026-08-05,4.44,near_miss,صعد 24.9% بعد التقسيم (الحد المسموح 20%),2026-09-03,3.55
SBFM,2026-08-05,1.33,near_miss,صعد 27.6% بعد التقسيم (الحد المسموح 20%),2026-09-03,1.17
LEXX,2026-08-05,5.67,near_miss,صعد 28.2% بعد التقسيم (الحد المسموح 20%),2026-09-03,13.165
BANL,2026-08-05,3.94,near_miss,صعد 28.4% بعد التقسيم (الحد المسموح 20%),2026-09-03,16.0236
NTCL,2026-08-05,2.82,near_miss,صعد 29.9% بعد التقسيم (الحد المسموح 20%),2026-09-03,1.875
CRIS,2026-08-05,4.545,near_miss,عدد ارتدادات الدعم 2 فقط (المطلوب 3),2026-09-03,1.39
FEMY,2026-08-05,3.01,near_miss,عدد ارتدادات الدعم 2 فقط (المطلوب 3),2026-09-03,3.11
TOMZ,2026-08-05,1.91,near_miss,عدد ارتدادات الدعم 2 فقط (المطلوب 3),2026-09-03,1.6777
RUBI,2026-08-05,2.39,near_miss,عدد ارتدادات الدعم 2 فقط (المطلوب 3),2026-09-03,1.8
ONCO,2026-08-05,1.005,near_miss,عدد ارتدادات الدعم 2 فقط (المطلوب 3),2026-09-03,0.6772
GMEX,2026-08-05,1.31,near_miss,عدد ارتدادات الدعم 2 فقط (المطلوب 3),2026-09-03,0.81
XXII,2026-08-05,4.36,near_miss,عدد ارتدادات الدعم 2 فقط (المطلوب 3),2026-09-03,2.32
ZNB,2026-08-07,2.47,near_miss,صعد 20.4% بعد التقسيم (الحد المسموح 20%),2026-09-03,1.65
YMAT,2026-08-07,2.03,near_miss,صعد 20.5% بعد التقسيم (الحد المسموح 20%),2026-09-03,1.9
GNPX,2026-08-07,4.44,near_miss,صعد 24.9% بعد التقسيم (الحد المسموح 20%),2026-09-03,3.55
LEXX,2026-08-07,5.34,near_miss,صعد 28.2% بعد التقسيم (الحد المسموح 20%),2026-09-03,13.165
BANL,2026-08-07,3.96,near_miss,صعد 28.4% بعد التقسيم (الحد المسموح 20%),2026-09-03,16.0236
MSS,2026-08-07,1.35,near_miss,صعد 31.5% بعد التقسيم (الحد المسموح 20%),2026-09-03,1.46
PSQH,2026-08-07,4.25,near_miss,صعد 32.0% بعد التقسيم (الحد المسموح 20%),2026-09-03,5.515
BMGL,2026-08-07,5.695,near_miss,عدد ارتدادات الدعم 2 فقط (المطلوب 3),2026-09-03,4.94
EZGO,2026-08-07,1.06,near_miss,صعد 51.4% بعد التقسيم (الحد المسموح 50%),2026-09-03,0.8722
FFAI,2026-08-07,4.1,near_miss,صعد 57.9% بعد التقسيم (الحد المسموح 50%),2026-09-03,1.9
DKI,2026-08-07,3.6701,near_miss,صعد 62.7% بعد التقسيم (الحد المسموح 50%),2026-09-03,2.92
WXM,2026-08-07,4.14,near_miss,صعد 65.0% بعد التقسيم (الحد المسموح 50%),2026-09-03,4.18
UPLD,2026-08-07,5.25,near_miss,عدد ارتدادات الدعم 2 فقط (المطلوب 3),2026-09-03,4.11
HKIT,2026-08-07,3.04,near_miss,صعد 22.9% بعد التقسيم (الحد المسموح 20%),2026-09-03,2.85
NTCL,2026-08-07,2.84,near_miss,صعد 29.9% بعد التقسيم (الحد المسموح 20%),2026-09-03,1.875
JZ,2026-08-07,2.755,near_miss,صعد 37.5% بعد التقسيم (الحد المسموح 20%),2026-09-03,1.08
SBFM,2026-08-07,1.23,near_miss,صعد 27.6% بعد التقسيم (الحد المسموح 20%),2026-09-03,1.17
SILO,2026-08-07,3.735,near_miss,صعد 29.7% بعد التقسيم (الحد المسموح 20%),2026-09-03,2.49
RPGL,2026-08-07,1.95,near_miss,صعد 34.6% بعد التقسيم (الحد المسموح 20%),2026-09-03,1.46
AIXI,2026-08-07,1.12,near_miss,صعد 38.7% بعد التقسيم (الحد المسموح 20%),2026-09-03,0.466
XXII,2026-08-07,4.29,near_miss,عدد ارتدادات الدعم 2 فقط (المطلوب 3),2026-09-03,2.32
FEMY,2026-08-07,2.66,near_miss,"عدد الأسهم القائمة 3,019,534 خارج النطاق (500,000 - 3,000,000)",2026-09-03,3.11
CDTG,2026-08-07,1.35,near_miss,"عدد الأسهم القائمة 3,021,027 خارج النطاق (500,000 - 3,000,000)",2026-09-03,0.9632
SNAL,2026-08-07,4.75,near_miss,"عدد الأسهم القائمة 3,093,778 خارج النطاق (500,000 - 3,000,000)",2026-09-03,2.73
NAMI,2026-08-07,4.41,near_miss,"عدد الأسهم القائمة 3,162,856 خارج النطاق (500,000 - 3,000,000)",2026-09-03,2.315
LHSW,2026-08-07,2.96,near_miss,"عدد الأسهم القائمة 3,250,000 خارج النطاق (500,000 - 3,000,000)",2026-09-03,3.675
RETO,2026-08-07,2.96,near_miss,"عدد الأسهم القائمة 3,269,801 خارج النطاق (500,000 - 3,000,000)",2026-09-03,1.255
ICCM,2026-08-07,3.08,near_miss,"عدد الأسهم القائمة 3,426,375 خارج النطاق (500,000 - 3,000,000)",2026-09-03,2.26
PPCB,2026-08-07,1.2,near_miss,"عدد الأسهم القائمة 3,503,116 خارج النطاق (500,000 - 3,000,000)",2026-09-03,1.025
ZCMD,2026-08-07,1.08,near_miss,"عدد الأسهم القائمة 3,666,755 خارج النطاق (500,000 - 3,000,000)",2026-09-03,0.898
PRHI,2026-08-07,4.65,near_miss,"عدد الأسهم القائمة 3,746,122 خارج النطاق (500,000 - 3,000,000)",2026-09-03,6.45
XAIR,2026-08-11,5.3,result,passed,2026-09-03,3.64
YAAS,2026-08-11,2.795,near_miss,صعد 104.1% بعد التقسيم (الحد المسموح 100%),2026-09-03,1.78
EDBL,2026-08-11,1.76,near_miss,صعد 104.8% بعد التقسيم (الحد المسموح 100%),2026-09-03,1.485
BYAH,2026-08-11,3.37,near_miss,صعد 106.2% بعد التقسيم (الحد المسموح 100%),2026-09-03,2.74
NAMI,2026-08-11,3.0101,near_miss,صعد 118.2% بعد التقسيم (الحد المسموح 100%),2026-09-03,2.315
XXII,2026-08-11,4.2001,near_miss,عدد ارتدادات الدعم 2 فقط (المطلوب 3),2026-09-03,2.32
AVX,2026-08-11,3.49,near_miss,"عدد الأسهم القائمة 7,694,615 خارج النطاق (500,000 - 7,000,000)",2026-09-03,3.635
JBDI,2026-08-11,1.365,near_miss,"عدد الأسهم القائمة 9,514,532 خارج النطاق (500,000 - 8,000,000)",2026-09-03,1.36
LABT,2026-08-11,2.36,near_miss,عدد ارتدادات الدعم 2 فقط (المطلوب 3),2026-09-03,2.09
JZ,2026-08-11,2.465,near_miss,عدد ارتدادات الدعم 2 فقط (المطلوب 3),2026-09-03,1.08
NCRA,2026-08-11,2.13,near_miss,عدد ارتدادات الدعم 2 فقط (المطلوب 3),2026-09-03,1.94
RUBI,2026-08-11,2.24,near_miss,عدد ارتدادات الدعم 2 فقط (المطلوب 3),2026-09-03,1.8
NEXR,2026-08-11,2.76,near_miss,عدد ارتدادات الدعم 2 فقط (المطلوب 3),2026-09-03,1.84
YAAS,2026-08-12,2.71,near_miss,صعد 104.1% بعد التقسيم (الحد المسموح 100%),2026-09-03,1.78
EDBL,2026-08-12,1.71,near_miss,صعد 104.8% بعد التقسيم (الحد المسموح 100%),2026-09-03,1.485
BYAH,2026-08-12,3.15,near_miss,صعد 106.2% بعد التقسيم (الحد المسموح 100%),2026-09-03,2.74
NAMI,2026-08-12,3.35,near_miss,صعد 118.2% بعد التقسيم (الحد المسموح 100%),2026-09-03,2.315
PSQH,2026-08-12,3.58,near_miss,عدد ارتدادات الدعم 2 فقط (المطلوب 3),2026-09-03,5.515
JZ,2026-08-12,2.76,near_miss,عدد ارتدادات الدعم 2 فقط (المطلوب 3),2026-09-03,1.08
LABT,2026-08-12,2.36,near_miss,عدد ارتدادات الدعم 2 فقط (المطلوب 3),2026-09-03,2.09
NCRA,2026-08-12,2.34,near_miss,عدد ارتدادات الدعم 2 فقط (المطلوب 3),2026-09-03,1.94
XPON,2026-08-12,3.5,near_miss,عدد ارتدادات الدعم 2 فقط (المطلوب 3),2026-09-03,5.99
NEXR,2026-08-12,2.83,near_miss,عدد ارتدادات الدعم 2 فقط (المطلوب 3),2026-09-03,1.84
JBDI,2026-08-12,1.35,near_miss,"عدد الأسهم القائمة 9,514,532 خارج النطاق (500,000 - 8,000,000)",2026-09-03,1.36
XPON,2026-08-15,3.64,near_miss,عدد ارتدادات الدعم 2 فقط (المطلوب 3),2026-09-03,5.99
SNAL,2026-08-15,3.08,near_miss,"عدد الأسهم القائمة 3,093,778 خارج النطاق (500,000 - 3,000,000)",2026-09-03,2.73
NAMI,2026-08-15,3.17,near_miss,"عدد الأسهم القائمة 3,162,856 خارج النطاق (500,000 - 3,000,000)",2026-09-03,2.315
YMAT,2026-08-15,1.98,near_miss,"عدد الأسهم القائمة 3,200,667 خارج النطاق (500,000 - 3,000,000)",2026-09-03,1.9
LHSW,2026-08-15,2.94,near_miss,"عدد الأسهم القائمة 3,250,000 خارج النطاق (500,000 - 3,000,000)",2026-09-03,3.675
PSQH,2026-08-15,4.62,near_miss,"عدد الأسهم القائمة 3,365,783 خارج النطاق (500,000 - 3,000,000)",2026-09-03,5.515
ZCMD,2026-08-15,1.0,near_miss,"عدد الأسهم القائمة 3,666,755 خارج النطاق (500,000 - 3,000,000)",2026-09-03,0.898
LABT,2026-08-15,2.27,near_miss,عدد ارتدادات الدعم 2 فقط (المطلوب 3),2026-09-03,2.09
FCUV,2026-08-15,5.62,near_miss,عدد ارتدادات الدعم 2 فقط (المطلوب 3),2026-09-03,15.16
NCRA,2026-08-15,2.31,near_miss,عدد ارتدادات الدعم 2 فقط (المطلوب 3),2026-09-03,1.94
RBNE,2026-08-15,2.54,near_miss,عدد ارتدادات الدعم 2 فقط (المطلوب 3),2026-09-03,2.65
NEXR,2026-08-15,2.86,near_miss,عدد ارتدادات الدعم 2 فقط (المطلوب 3),2026-09-03,1.84
PRPL,2026-08-15,6.66,near_miss,عدد ارتدادات الدعم 2 فقط (المطلوب 3),2026-09-03,3.87
LABT,2026-08-16,2.24,near_miss,عدد ارتدادات الدعم 2 فقط (المطلوب 3),2026-09-03,2.09
NCRA,2026-08-16,2.345,near_miss,عدد ارتدادات الدعم 2 فقط (المطلوب 3),2026-09-03,1.94
XPON,2026-08-16,3.66,near_miss,عدد ارتدادات الدعم 2 فقط (المطلوب 3),2026-09-03,5.99
RBNE,2026-08-16,2.55,near_miss,عدد ارتدادات الدعم 2 فقط (المطلوب 3),2026-09-03,2.65
NEXR,2026-08-16,2.84,near_miss,عدد ارتدادات الدعم 2 فقط (المطلوب 3),2026-09-03,1.84
SNAL,2026-08-16,3.06,near_miss,"عدد الأسهم القائمة 3,093,778 خارج النطاق (500,000 - 3,000,000)",2026-09-03,2.73
NAMI,2026-08-16,3.15,near_miss,"عدد الأسهم القائمة 3,162,856 خارج النطاق (500,000 - 3,000,000)",2026-09-03,2.315
YMAT,2026-08-16,1.9808,near_miss,"عدد الأسهم القائمة 3,200,667 خارج النطاق (500,000 - 3,000,000)",2026-09-03,1.9
LHSW,2026-08-16,2.95,near_miss,"عدد الأسهم القائمة 3,250,000 خارج النطاق (500,000 - 3,000,000)",2026-09-03,3.675
PSQH,2026-08-16,4.5749,near_miss,"عدد الأسهم القائمة 3,365,783 خارج النطاق (500,000 - 3,000,000)",2026-09-03,5.515
ZCMD,2026-08-16,1.005,near_miss,"عدد الأسهم القائمة 3,666,755 خارج النطاق (500,000 - 3,000,000)",2026-09-03,0.898
FCUV,2026-08-18,6.466,near_miss,عدد ارتدادات الدعم 2 فقط (المطلوب 3),2026-09-03,15.16
XPON,2026-08-18,4.46,near_miss,عدد ارتدادات الدعم 2 فقط (المطلوب 3),2026-09-03,5.99
HAO,2026-08-18,4.03,near_miss,عدد ارتدادات الدعم 2 فقط (المطلوب 3),2026-09-03,3.135
NEXR,2026-08-18,2.6,near_miss,عدد ارتدادات الدعم 2 فقط (المطلوب 3),2026-09-03,1.84
INLF,2026-08-18,4.72,near_miss,"عدد الأسهم القائمة 1,046,390 خارج النطاق (500,000 - 1,000,000)",2026-09-03,3.93
CGTL,2026-08-18,4.7,near_miss,"عدد الأسهم القائمة 1,148,339 خارج النطاق (500,000 - 1,000,000)",2026-09-03,4.45
PRPL,2026-08-18,6.37,near_miss,عدد ارتدادات الدعم 2 فقط (المطلوب 3),2026-09-03,3.87
PSQH,2026-08-18,4.19,near_miss,عدد ارتدادات الدعم 2 فقط (المطلوب 3),2026-09-03,5.515
THH,2026-08-18,2.62,near_miss,عدد ارتدادات الدعم 2 فقط (المطلوب 3),2026-09-03,1.68
MBAI,2026-08-18,8.02,near_miss,عدد ارتدادات الدعم 2 فقط (المطلوب 3),2026-09-03,6.52
NCRA,2026-08-18,2.2114,near_miss,عدد ارتدادات الدعم 2 فقط (المطلوب 3),2026-09-03,1.94
RBNE,2026-08-18,2.83,near_miss,عدد ارتدادات الدعم 2 فقط (المطلوب 3),2026-09-03,2.65
PFSA,2026-08-18,4.34,near_miss,عدد ارتدادات الدعم 2 فقط (المطلوب 3),2026-09-03,2.63
BIYA,2026-08-18,2.51,near_miss,صعد 159.6% بعد التقسيم (الحد المسموح 150%),2026-09-03,2.18
GDC,2026-08-18,1.88,near_miss,عدد ارتدادات الدعم 2 فقط (المطلوب 3),2026-09-03,1.451
MSS,2026-08-18,1.575,near_miss,عدد ارتدادات الدعم 2 فقط (المطلوب 3),2026-09-03,1.46
YXT,2026-08-18,3.04,near_miss,"عدد الأسهم القائمة 5,395,872 خارج النطاق (500,000 - 5,000,000)",2026-09-03,2.59
SMXT,2026-08-23,3.645,result,passed,2026-09-03,2.81
PSQH,2026-08-23,5.45,near_miss,عدد ارتدادات الدعم 2 فقط (المطلوب 3),2026-09-03,5.515
NXTT,2026-08-23,7.6,near_miss,عدد ارتدادات الدعم 2 فقط (المطلوب 3),2026-09-03,5.5
AEHL,2026-08-23,6.23,near_miss,عدد ارتدادات الدعم 2 فقط (المطلوب 3),2026-09-03,5.4
THH,2026-08-23,2.38,near_miss,عدد ارتدادات الدعم 2 فقط (المطلوب 3),2026-09-03,1.68
MBAI,2026-08-23,8.08,near_miss,عدد ارتدادات الدعم 2 فقط (المطلوب 3),2026-09-03,6.52
TNON,2026-08-23,6.77,near_miss,عدد ارتدادات الدعم 2 فقط (المطلوب 3),2026-09-03,4.445
NCRA,2026-08-23,1.9,near_miss,عدد ارتدادات الدعم 2 فقط (المطلوب 3),2026-09-03,1.94
RBNE,2026-08-23,2.8,near_miss,عدد ارتدادات الدعم 2 فقط (المطلوب 3),2026-09-03,2.65
XPON,2026-08-23,3.42,near_miss,عدد ارتدادات الدعم 2 فقط (المطلوب 3),2026-09-03,5.99
GNPX,2026-08-23,3.97,near_miss,عدد ارتدادات الدعم 2 فقط (المطلوب 3),2026-09-03,3.55
CDT,2026-08-23,2.88,near_miss,عدد ارتدادات الدعم 2 فقط (المطلوب 3),2026-09-03,0.9101
MNDR,2026-08-23,1.67,near_miss,عدد ارتدادات الدعم 2 فقط (المطلوب 3),2026-09-03,1.51
LBGJ,2026-08-23,3.11,near_miss,عدد ارتدادات الدعم 2 فقط (المطلوب 3),2026-09-03,3.115
HAO,2026-08-23,3.26,near_miss,عدد ارتدادات الدعم 2 فقط (المطلوب 3),2026-09-03,3.135
YAAS,2026-08-23,2.81,near_miss,"عدد الأسهم القائمة 6,769,330 خارج النطاق (500,000 - 6,000,000)",2026-09-03,1.78
GDC,2026-08-24,1.474084,result,passed,2026-09-03,1.451
THH,2026-08-24,2.445,near_miss,عدد ارتدادات الدعم 2 فقط (المطلوب 3),2026-09-03,1.68
AEHL,2026-08-24,6.35,near_miss,عدد ارتدادات الدعم 2 فقط (المطلوب 3),2026-09-03,5.4
NXTT,2026-08-24,7.88,near_miss,عدد ارتدادات الدعم 2 فقط (المطلوب 3),2026-09-03,5.5
PSQH,2026-08-24,5.435,near_miss,عدد ارتدادات الدعم 2 فقط (المطلوب 3),2026-09-03,5.515
JUNS,2026-08-24,5.785,near_miss,عدد ارتدادات الدعم 2 فقط (المطلوب 3),2026-09-03,3.48
TNON,2026-08-24,6.4309,near_miss,عدد ارتدادات الدعم 2 فقط (المطلوب 3),2026-09-03,4.445
NCRA,2026-08-24,1.87,near_miss,عدد ارتدادات الدعم 2 فقط (المطلوب 3),2026-09-03,1.94
GNPX,2026-08-24,4.09,near_miss,عدد ارتدادات الدعم 2 فقط (المطلوب 3),2026-09-03,3.55
HAO,2026-08-24,3.18,near_miss,عدد ارتدادات الدعم 2 فقط (المطلوب 3),2026-09-03,3.135
MNDR,2026-08-24,1.639,near_miss,عدد ارتدادات الدعم 2 فقط (المطلوب 3),2026-09-03,1.51
TOMZ,2026-08-24,1.78,near_miss,"عدد الأسهم القائمة 8,142,577 خارج النطاق (500,000 - 8,000,000)",2026-09-03,1.6777
VIVK,2026-08-24,1.0231,near_miss,"عدد الأسهم القائمة 8,183,626 خارج النطاق (500,000 - 8,000,000)",2026-09-03,0.9011
BIAF,2026-08-24,5.89,near_miss,"عدد الأسهم القائمة 8,885,584 خارج النطاق (500,000 - 8,000,000)",2026-09-03,9.7702
JBDI,2026-08-24,1.38,near_miss,"عدد الأسهم القائمة 9,514,532 خارج النطاق (500,000 - 8,000,000)",2026-09-03,1.36
GDC,2026-08-25,1.465,result,passed,2026-09-03,1.451
PSQH,2026-08-25,6.46,near_miss,عدد ارتدادات الدعم 2 فقط (المطلوب 3),2026-09-03,5.515
AEHL,2026-08-25,5.83,near_miss,عدد ارتدادات الدعم 2 فقط (المطلوب 3),2026-09-03,5.4
NXTT,2026-08-25,7.06,near_miss,عدد ارتدادات الدعم 2 فقط (المطلوب 3),2026-09-03,5.5
THH,2026-08-25,2.3259,near_miss,عدد ارتدادات الدعم 2 فقط (المطلوب 3),2026-09-03,1.68
XPON,2026-08-25,5.02,near_miss,عدد ارتدادات الدعم 2 فقط (المطلوب 3),2026-09-03,5.99
JUNS,2026-08-25,5.2997,near_miss,عدد ارتدادات الدعم 2 فقط (المطلوب 3),2026-09-03,3.48
TNON,2026-08-25,5.8,near_miss,عدد ارتدادات الدعم 2 فقط (المطلوب 3),2026-09-03,4.445
NCRA,2026-08-25,1.77,near_miss,عدد ارتدادات الدعم 2 فقط (المطلوب 3),2026-09-03,1.94
GNPX,2026-08-25,4.01,near_miss,عدد ارتدادات الدعم 2 فقط (المطلوب 3),2026-09-03,3.55
MNDR,2026-08-25,1.62,near_miss,عدد ارتدادات الدعم 2 فقط (المطلوب 3),2026-09-03,1.51
HAO,2026-08-25,3.26,near_miss,عدد ارتدادات الدعم 2 فقط (المطلوب 3),2026-09-03,3.135
GMEX,2026-08-25,1.085,near_miss,عدد ارتدادات الدعم 2 فقط (المطلوب 3),2026-09-03,0.81
TOMZ,2026-08-25,1.7004,near_miss,"عدد الأسهم القائمة 8,142,577 خارج النطاق (500,000 - 7,000,000)",2026-09-03,1.6777
VRAX,2026-08-25,2.9,near_miss,صعد 293.7% بعد التقسيم (الحد المسموح 290%),2026-09-03,2.55
AVX,2026-08-25,3.625,near_miss,عدد ارتدادات الدعم 2 فقط (المطلوب 3),2026-09-03,3.635
PRHI,2026-08-25,6.8004,near_miss,عدد ارتدادات الدعم 2 فقط (المطلوب 3),2026-09-03,6.45
SMSI,2026-08-25,2.955,near_miss,عدد ارتدادات الدعم 2 فقط (المطلوب 3),2026-09-03,2.85
MBAI,2026-08-25,8.09,near_miss,عدد ارتدادات الدعم 2 فقط (المطلوب 3),2026-09-03,6.52
CURX,2026-08-25,4.75,near_miss,عدد ارتدادات الدعم 2 فقط (المطلوب 3),2026-09-03,4.545
RBNE,2026-08-25,2.52,near_miss,عدد ارتدادات الدعم 2 فقط (المطلوب 3),2026-09-03,2.65
SHPH,2026-08-25,3.56,near_miss,عدد ارتدادات الدعم 2 فقط (المطلوب 3),2026-09-03,3.65
NTCL,2026-08-25,2.455,near_miss,عدد ارتدادات الدعم 2 فقط (المطلوب 3),2026-09-03,1.875
TRNR,2026-08-25,3.045,near_miss,عدد ارتدادات الدعم 2 فقط (المطلوب 3),2026-09-03,3.03
FEMY,2026-08-25,2.875,near_miss,"عدد الأسهم القائمة 8,375,027 خارج النطاق (200,000 - 8,000,000)",2026-09-03,3.11
JBDI,2026-08-25,1.37,near_miss,"عدد الأسهم القائمة 9,514,532 خارج النطاق (200,000 - 8,000,000)",2026-09-03,1.36
SCYX,2026-08-25,5.15,near_miss,"عدد الأسهم القائمة 9,949,609 خارج النطاق (200,000 - 8,000,000)",2026-09-03,5.23
TDIC,2026-08-26,2.5301,result,passed,2026-09-03,2.42
WLDS,2026-08-26,2.4001,near_miss,صعد 271.4% بعد التقسيم (الحد المسموح 260%),2026-09-03,2.03
AVX,2026-08-26,3.56,near_miss,عدد ارتدادات الدعم 2 فقط (المطلوب 3),2026-09-03,3.635
PRHI,2026-08-26,6.32,near_miss,عدد ارتدادات الدعم 2 فقط (المطلوب 3),2026-09-03,6.45
PSQH,2026-08-26,6.465,near_miss,عدد ارتدادات الدعم 2 فقط (المطلوب 3),2026-09-03,5.515
SMSI,2026-08-26,2.94,near_miss,عدد ارتدادات الدعم 2 فقط (المطلوب 3),2026-09-03,2.85
THH,2026-08-26,2.325,near_miss,عدد ارتدادات الدعم 2 فقط (المطلوب 3),2026-09-03,1.68
MBAI,2026-08-26,7.185,near_miss,عدد ارتدادات الدعم 2 فقط (المطلوب 3),2026-09-03,6.52
NXTT,2026-08-26,6.74,near_miss,عدد ارتدادات الدعم 2 فقط (المطلوب 3),2026-09-03,5.5
AEHL,2026-08-26,6.03,near_miss,عدد ارتدادات الدعم 2 فقط (المطلوب 3),2026-09-03,5.4
CURX,2026-08-26,4.65,near_miss,عدد ارتدادات الدعم 2 فقط (المطلوب 3),2026-09-03,4.545
GDC,2026-08-26,1.48,near_miss,عدد ارتدادات الدعم 2 فقط (المطلوب 3),2026-09-03,1.451
NTCL,2026-08-26,2.435,near_miss,عدد ارتدادات الدعم 2 فقط (المطلوب 3),2026-09-03,1.875
TRNR,2026-08-26,3.05,near_miss,عدد ارتدادات الدعم 2 فقط (المطلوب 3),2026-09-03,3.03
JUNS,2026-08-26,5.11,near_miss,عدد ارتدادات الدعم 2 فقط (المطلوب 3),2026-09-03,3.48
PAVS,2026-08-26,5.4005,near_miss,عدد ارتدادات الدعم 2 فقط (المطلوب 3),2026-09-03,4.92
NCRA,2026-08-26,1.775,near_miss,عدد ارتدادات الدعم 2 فقط (المطلوب 3),2026-09-03,1.94
RBNE,2026-08-26,2.6,near_miss,عدد ارتدادات الدعم 2 فقط (المطلوب 3),2026-09-03,2.65
SHPH,2026-08-26,3.55,near_miss,عدد ارتدادات الدعم 2 فقط (المطلوب 3),2026-09-03,3.65
CRIS,2026-08-26,1.6,near_miss,عدد ارتدادات الدعم 2 فقط (المطلوب 3),2026-09-03,1.39
TNON,2026-08-26,5.2,near_miss,عدد ارتدادات الدعم 2 فقط (المطلوب 3),2026-09-03,4.445
GNPX,2026-08-26,4.015,near_miss,عدد ارتدادات الدعم 2 فقط (المطلوب 3),2026-09-03,3.55
MNDR,2026-08-26,1.6166,near_miss,عدد ارتدادات الدعم 2 فقط (المطلوب 3),2026-09-03,1.51
HAO,2026-08-26,3.62,near_miss,عدد ارتدادات الدعم 2 فقط (المطلوب 3),2026-09-03,3.135
TOMZ,2026-08-26,1.7,near_miss,"عدد الأسهم القائمة 8,142,577 خارج النطاق (200,000 - 8,000,000)",2026-09-03,1.6777
FEMY,2026-08-26,2.88,near_miss,"عدد الأسهم القائمة 8,375,027 خارج النطاق (200,000 - 8,000,000)",2026-09-03,3.11
JBDI,2026-08-26,1.37,near_miss,"عدد الأسهم القائمة 9,514,532 خارج النطاق (200,000 - 8,000,000)",2026-09-03,1.36
SCYX,2026-08-26,5.965,near_miss,"عدد الأسهم القائمة 9,949,609 خارج النطاق (200,000 - 8,000,000)",2026-09-03,5.23
THH,2026-08-28,2.05,result,passed,2026-09-03,1.68
TDIC,2026-08-28,2.51,result,passed,2026-09-03,2.42
PAVS,2026-08-28,4.81,result,passed,2026-09-03,4.92
CLDI,2026-08-28,1.31,result,passed,2026-09-03,1.37
GMEX,2026-08-28,1.04,result,passed,2026-09-03,0.81
NTCL,2026-08-28,2.36,result,passed,2026-09-03,1.875
MNDR,2026-08-28,1.55,result,passed,2026-09-03,1.51
BTOG,2026-08-28,3.12,result,passed,2026-09-03,2.27
TOMZ,2026-08-28,1.72,near_miss,"عدد الأسهم القائمة 8,142,577 خارج النطاق (200,000 - 8,000,000)",2026-09-03,1.6777
FEMY,2026-08-28,3.2,near_miss,"عدد الأسهم القائمة 8,375,027 خارج النطاق (200,000 - 8,000,000)",2026-09-03,3.11
JBDI,2026-08-28,1.3384,near_miss,"عدد الأسهم القائمة 9,514,532 خارج النطاق (200,000 - 8,000,000)",2026-09-03,1.36
SCYX,2026-08-28,5.4,near_miss,"عدد الأسهم القائمة 9,949,609 خارج النطاق (200,000 - 8,000,000)",2026-09-03,5.23
VRAX,2026-09-03,2.55,result,passed,2026-09-03,2.55
NXTT,2026-09-03,5.5,result,passed,2026-09-03,5.5
NAMI,2026-09-03,2.315,result,passed,2026-09-03,2.315
PAVS,2026-09-03,4.92,result,passed,2026-09-03,4.92
TDIC,2026-09-03,2.42,result,passed,2026-09-03,2.42
TOMZ,2026-09-03,1.6777,near_miss,"عدد الأسهم القائمة 8,142,577 خارج النطاق (200,000 - 8,000,000)",2026-09-03,1.6777
FEMY,2026-09-03,3.11,near_miss,"عدد الأسهم القائمة 8,375,027 خارج النطاق (200,000 - 8,000,000)",2026-09-03,3.11
JBDI,2026-09-03,1.36,near_miss,"عدد الأسهم القائمة 9,514,532 خارج النطاق (200,000 - 8,000,000)",2026-09-03,1.36
VRAX,2026-09-05,2.625,result,passed,,
NXTT,2026-09-05,5.4399,result,passed,,
MYSZ,2026-09-05,2.2602,result,passed,,
TOMZ,2026-09-05,1.7,near_miss,"عدد الأسهم القائمة 8,142,577 خارج النطاق (200,000 - 8,000,000)",,
FEMY,2026-09-05,2.9947,near_miss,"عدد الأسهم القائمة 8,375,027 خارج النطاق (200,000 - 8,000,000)",,
JBDI,2026-09-05,1.3,near_miss,"عدد الأسهم القائمة 9,514,532 خارج النطاق (200,000 - 8,000,000)",,
